Domain,
1.com,
123.com,
12thwonder.com,
1eservices.sg,
1nprotelecom.com,
234.com.au,
2meli.com,
2si.fr,
31hub.com,
360businesstool.com,
365.visitel.it,
3db.cloud,
3dcadworks.be,
3gig.com,
3is.fr,
3mse.co.uk,
3stecnologie.it,
3wnetworks.com,
480.no,
4bits.com.do,
4ia.com.au,
4inf.com,
4tech.com.pl,
4yousee.movidesk.com,
5deagosto.com.br,
5solutions.com,
5wi.com.br,
6ixbit.com,
7seaswater.com,
90east.nl,
a.com,
a2b-online.com,
a2lds.fr,
a365.com.pe,
a56.fr,
a5solutions.com,
aag-ottawa.com,
aam.com,
Aamalholding.Com,
Aamalholding.com,
aamalholding.com,
aao.cdmx.gob.mx,
aao.gob.mx,
aarenet.com,
abbana.com,
abbank.co.zm,
abbasim.com,
abbeylogisticsgroup.com,
abc.com,
abcfoods.com,
abelsonsa.com.ar,
abilways.com,
abir-inv.com,
ablesales.com,
abm-eg.com,
abmsystem.com.pl,
Abraham.org.il,
abra-it.com,
abreal.co.za,
absys-services.fr,
aca.go.ke,
acaia.com.br,
aca-it.nl,
accenture.com,
accessholding.com,
accsa.mx,
accusys.com.ar,
ACGCP87.COM,
acgcp87.com,
acidados.pt,
acm-group.com,
acmis.fr,
aconto.com.pl,
acontofinanse.pl,
acp.at,
acros-components.com,
ac-services.fr,
acshq.com,
acsi.com,
acsllc.ae,
actaxlaw.com,
actemium.ch,
action.com.ar,
actiontekllc.com,
actsolution.net,
acumatica.com,
acuutech.com,
adampolsa.com.pl,
adcoconstruct.com.au,
addonit.co.il,
adeptnetworks.com,
adesgroup.com,
adh.com,
ADIF.ES,
adim.com.ni,
adityabirla.com,
adkkorealtd.com,
adkmaritime.com,
adm-mediaconsulting.com,
adn.gob.do,
adnexus.nl,
adnsa.com,
adopem.com.do,
adordx.com,
adriatika.com.gt,
adscensio.com.au,
advancedconsulting.com.mx,
advance-itc.com.ar,
advancenetgroup.com,
adv-fusionex.com,
adyda.it,
aedingegneria.it,
aeolusbot.com,
aeoninformatica.com.br,
aeonit.com.br,
aeroklasduys.co.za,
aertsnv.be,
aeruma.com,
afc.fin.tn,
afc.my,
afcg.biz,
afcom.sl,
afluena.com,
afon.com.sg,
afpoccidente.hn,
afpoccidente.lan,
aga-agro.com,
agbl.net,
agchevy.com,
agcwa.co,
agcwa.com,
agentek.co.il,
agglobasel.org,
agnascome.com,
agrocir.com,
aguada.gov.pr,
ahi-carrier.com,
aia.qa,
aiatic.com,
aic.pgjguanajuato.gob.mx,
aicasolutions.com,
aicsteel.com,
aidgenomics.com,
aidlab.co.il,
aidtes.com,
aimconsulting.com.kw,
aimis.com,
airia.com,
airitsystems.de,
airmar.com.mx,
aisdubai.ae,
ait-stein.com,
ajegroup.com,
ajialuna.edu.sa,
ajsteel.com,
akary.com,
akaryn.com,
akasi-kk.com.my,
akati.com,
akigroup.com,
akpk.org.my,
akroscorp.com,
aksit.pl,
aktifbank.com.tr,
al.fhs.no,
alab.com.pl,
alabad.net,
alakhdood.com,
alas-doradas.com,
alas-dradas.com,
alaunus.co,
alawn.org,
alazzam-jo.com,
Albaha.gov.sa,
albaha.gov.sa,
albanisa.com.ni,
alcy.fr,
aldahra.com,
aldpro.com.my,
aldrees-im.com,
alef.com,
alefeducation.com,
alesbaranek.cz,
ALFAGL.COM,
alfagl.com,
alfaships.com,
alfatechnologies.net,
alfinter.com,
alfursaneg.com,
algaznet.com.br,
algeiba.com,
al-ghurair.com,
algowatt.com,
alhafidhgroup.com,
alhafiz.com,
alhafiz.com.kw,
alhaleef.com.sa,
alhamra.ae,
alhamragolf.com,
al-hattabgroup.com,
alhattabholding.com,
aliceadsl.fr,
alignpromx.com,
aljohi.com.sa,
allalloy.com,
allcovered.com,
alleghenybradford.com,
alleghenysurface.com,
allegronet.co.il,
allglass.com,
alliancecommunity.org,
allieditmo.com,
alliedprotocol.com,
allkindhealthcare.in,
alma.fr,
almacenesunidos.net,
almajal.com,
almajalg4s.com,
almajdtv.com,
almana.com,
almarinaholding.com,
almeera.me,
almoajilholding.com,
almoayedict.com,
almogim.co.il,
almorooj.com,
almpes.com,
almutawa.com.sa,
almutawa.com.sa.sa,
alna.lt,
alot.com.ar,
alpacahorizon.co,
alphadmm.com,
alphakilocreative.com,
alphalti.com,
alphanetworks.mx,
alphanetworxx.com,
alqadir.edu.pk,
alqassemi.com,
alqubaishangroup.com,
alr.com.my,
alrayan.ae,
alromansiah.com,
alrugaibgroup.com,
alsacenature.org,
alsatis.com,
alsehmiah.com,
alshamsnetwork.com,
alshirawi.ae,
alsihamiya.qa,
al-sorayai.com,
alsyko.cz,
altakhses.com,
althikr.edu.sa,
altitech.co.th,
altomexico.com.mx,
altomovup.com,
altusfinancial.com.au,
alulim.be,
alurtenaga.com.my,
alwakeel.org,
alwaleedhotels.com,
alwaqarmedical.ae,
alwifaqg.ae,
amalgroup.net,
amanahealthcare.com,
amayerrealestate.com,
amco.com.ar,
amcodata.pk,
amdlcircle.com,
ameholding-st.com,
ameisen.lk,
amenit.cz,
ameos.com,
amer-group.com,
americana-food.com,
ame-st.com,
amey.co.uk,
amfp.fr,
amital.co.il,
amitintl.com,
amitron.nl,
amklogistic.com,
amoilgas.com,
amos.quebec,
amphenol-automotive.de,
amref.ac.ke,
amref.org,
amroptop.com,
amroptop.com.co,
amtexsystems.com,
anandacartagena.com,
anchorbaypackaging.com,
ancilesolutions.com,
andalus.com.kw,
anderville.com,
andinas.com,
andresvega.me,
anetys.com,
anhembi.ind.br,
animabiotech.com,
annabiblo.it,
anovis.com.br,
anteo.es,
anteus.mx,
antever.com.br,
anubisnetworks.com,
any3connect.com,
aoa.dz,
aol.com,
aon.at,
ap.logicalis.com,
ap.technoform.com,
apar.com,
aparedes.com.mx,
apcc.me,
apcd.com.br,
apfelstrudel.net,
ap-hotelsresorts.com,
aplaus.cz,
apntbs.com,
aposoft.it,
AppliedVision.com,
appliedvision.com,
applyit.dk,
appsystems.com.sg,
appzonegroup.com,
apso.cz,
apstar.com,
aqualand-moravia.cz,
aquamarineinternational.mx,
aqueity.com,
aquila-capital.com,
aquilatech.com.br,
arab-security.com,
arail.com.sa,
arcadis.com,
archi-doors.com,
architektur-weismann.at,
arcon-sunmark.com,
arcos-engineering.it,
arcticmail.no,
arcusit.nl,
areal.ro,
arealogistica.com.mx,
aregnmar.com,
arentia.pt,
argal.com,
arge.am,
argenmar.com,
arineta.com,
arisenet.com,
arkecoop.it,
arletti.me,
armada.mil.ec,
armada.ml.ec,
armcement.com,
Arnon.co.il,
arrow.com,
arsenet.com,
arsnet.com.mx,
arsystemes.fr,
arteixotelecom.com,
arteliagroup.com,
artevelum.eu,
artmedical.com,
asac.net,
asam-mali.com,
asanko.com,
aschauwerk.de,
ascorpuae.com,
asefis.com.mx,
asegurohn.com,
aseoregional.com,
asesko.pl,
asesmty.com.mx,
asesoriasrestrepocalle.com.co,
asesti.com,
ashmoreit.co.uk,
ashtar.app,
asiacloud.com.sg,
asiapac.com.sg,
asiaticjwt.com,
asiaticmcl.com,
asi-dom.fr,
asik.co.il,
asns.tech,
aspsols.com,
assadicpa.com,
asta.com.au,
astd.asia,
ASTIINDIA.COM,
astiindia.com,
astoria-cyber.com,
asts.com.sg,
aswgr.com,
aswhiteglobal.com,
aswu.edu.eg,
at.com.uy,
ataind.com.my,
atalaya.com.br,
atea.se,
atginteriors.com,
athader.com,
athenasecurity.com.br,
atheo.net,
athora.es,
atlanticpkg.com,
atlantistecnologia.com,
atmavio.pl,
atmospheres.co.il,
atngroupe.fr,
atomit.com.sg,
attu.cz,
atvi.com.br,
aubergeresorts.com,
aubgroup.com.au,
audit-conseil.com,
auditoriachihuahua.gob.mx,
august99.com,
aunarvillavicencio.edu.co,
aureliushealth.com,
aures.pl,
austbrokers.com.au,
auswidecomms.com.au,
autcom.at,
autismspeaks.org,
autocont.cz,
autofinanciera.com.co,
automalogica.com.br,
automationanywhere.com,
automationforeveryone.com,
automationsgruppen.se,
autometal.com.br,
autorola.be,
auvergnerhonealpes.fr,
auxpmag.org.gt,
auxteam.com,
avalcom.eu,
avalcom.pl,
avanteingenieria.com,
avara.ch,
avcom.tv,
avenetit.es,
ave-online.ch,
aveva.com,
avimex.com.mx,
avipam.com.br,
avivamcg.com,
avlgb.com,
avtec.com,
avtech.com.au,
awd.com.au,
awesomeos.com,
awfarmarket.com,
awide.io,
awome.com,
awrostamani.com,
axess.mu,
axez.nl,
axiacomms.com.au,
Axians.com,
axians.com,
axissecurity.com,
axuretechnologies.com,
ayangtech.com,
ayesa.com,
ayno.it,
aznet.sg,
azquest.com.br,
azsmart.net,
aztecaservicios.com,
b2c-engineering.com,
bachiller.com,
bacs-it.ch,
baek.tech,
baileyhygiene.ie,
bailly-quaireau.fr,
bajaaquafarms.com,
bajaaquafarms.mx,
bakertilly.se,
balcony.com.ar,
baldellisicurezza.com,
baldom.net,
baldwinliving.com.au,
bambussolutions.ie,
bananatreehorse.com,
BANASDAIRY.COOP,
banchoon.com.sg,
bancocci.hn,
bancodigimais.com.br,
bancofinandina.com,
banyax.com,
barak-capital.co.il,
barakcapital.com,
barak-capital.com,
bardasz.com,
bariq-eg.com,
bar-magen.com,
base-2.co.nz,
basetelco.com,
basiclineinformatica.com.br,
basom-consulting.com,
bateyalmog.co.il,
batm.com,
batsch.at,
bau-blitz.de,
bauer.com.co,
baypineslutheran.com,
baysidecc.vic.edu.au,
baysidenetworks.com,
baywa-re.it,
bazy.com.sa,
bazytrading.com,
bb.com,
bbinco.com,
bbirger.intnet.mu,
bci-consulting.com,
bcncons.com,
bcontrol.ch,
bcs-me.com,
bcube.com.pl,
bdainc.com,
bdc.bw,
bdfelin.com.pl,
bdh.com.tr,
Beautybay.com,
beautybay.com,
bebigtree.com,
beceneslp.edu.mx,
beckett.com,
becquartimpressions.fr,
be-kugler.com,
belinamail.co.zw,
belinamail.com,
belinmail.com,
belisoft.ch,
bell.ca,
bellacanvas.com,
bello-brs.co.il,
bellsouth.net,
beltransinc.com,
belzunces.es,
bench.com,
beniculturali.it,
ben-naftali.co.il,
beoffices.com,
beprime.mx,
beratech.ch,
best4business.com,
bestcomp.net,
best-leader.com,
BESTLINKCyberNet.com,
betschartadvokatur.ch,
better-groups.com,
bettersystem.co.th,
beukendaal.eu,
bezeqint.co.il,
bfba.com.tn,
bgcengineering.ca,
bgs.vic.edu.au,
bgunifiedsolutions.net,
biblioteka.lodz.pl,
bigbasket.com,
bigboss.com,
bigconsulting.pl,
bigdutchman.de,
bildon.cz,
billjacksons.com,
billybird.nl,
bimedica.com,
binario.com.co,
binarits.com,
bindasmal.com,
binsmc.ae,
bioempak.com,
bioma.ind.br,
biosintex.com.ar,
bipweb.be,
birlacentury.com,
bitgrupo.com,
bit-studio.at,
biuro-profit.pl,
bizcloudexperts.com,
bizmatica.com,
bjm.arta.co.id,
bjss.com,
bkm.be,
bksystemes.fr,
ble-corp.com,
blessingpetroleum.net,
bletchleypark.org.uk,
blocktechtechnology.com,
bloemenhandelwilliambroekhof.nl,
bluecubesecurity.com,
bluegaz.pl,
bluegulf.com.sg,
bluelabel.mx,
bluemail.ch,
blueribbonme.com,
bluevoyant.com,
bluewave.com.do,
bluewavenetwork.net,
bluribbonme.com,
bmm.com.pl,
bmsi.co.uk,
bmw.be,
bmw-millenniumauto.com,
bnansa.com,
bnci-pr.com,
bnwsg.ch,
boardroom.com.my,
bodibasixs.com,
boditech.com,
boitsoft.com,
bol.com.br,
boltrics.nl,
bonhomme.biz,
bookmyshow.com,
botris.com.ec,
bouchey.com,
boucheyclarke.com,
boundary.co.th,
bountyagro.com.ph,
bovis.mx,
boxclever.com,
bpi-concretepile.co.th,
bpppremium.com,
br.clara.net,
br.routzgroup.com,
br7.org.il,
bracehk.org,
bracour.com,
braddock.nl,
braintechnology.com.ar,
brauningcpa.com,
bravad.ca,
braxem.com,
breitkom.com.my,
bridgit.gr,
brigantineschools.org,
brightoncollege.ae,
brinsa.com.co,
brisna.com.co,
brite.nl,
brontobytecloud.com,
Brooks-keret.co.il,
brownearthtech.com,
brpc.com.br,
bruehlmann-engineering.ch,
bruellhardt.ch,
brusa.biz,
bsc.com.do,
bsj.org.jm,
bslsaude.com.br,
bs-sereen.nl,
bssltda.com,
btandsth.com,
btc.bw,
bts.com.cy,
btselem.org,
buchase.com,
budding.nu,
buenaventurahoteles.com,
buero22.at,
bulgarihotels.co.uk,
bullla.com.br,
bumbatechnos.co.za,
burgemeister.de,
burriana.es,
businessphone.gr,
busseltonwater.wa.gov.au,
bustanwataniya.com,
bwick.ae,
bxclvr.com,
bybit.com,
byjus.com,
bynetb.co.il,
byteful.co.uk,
c.com,
c2.kiwi,
c2spr.com,
c9s.ca,
cablematic.com,
cableonda.net,
cabohacienda.com.mx,
cacechi.com,
cacechi.org,
cacechirl.com,
cacechirl.org,
caduinmobiliaria.com,
cae.it,
caesa.mx,
cafebazza.com,
caixabank.com,
cajapopularprogreso.mx,
calabura.net,
caldic.nl,
calimet.com.mx,
calleo.ch,
cal-lift.com,
callture.com,
cals.cz,
calszone.com,
calux.com,
calux.com.mx,
camaradirecta.com,
camarasantodomingo.do,
camasolympia.com,
campanaworks.com,
campe.org.br,
campero.com,
camposborquez.com,
campusseas.com,
camsbluewiretech.com,
camstex.com,
canalcapital.gov.co,
canalicchio.it,
cancalcapital.gov.co,
cancom.co.uk,
cancom.de,
candbconsult.com,
canon.at,
canteras.co.cr,
capacityconnection.com.au,
capefox.onmicrosoft.com,
capefoxss.com,
capocerasoresort.it,
cardanengenharia.com.br,
cardanengenharia.combr,
cardmonroe.com,
carebook.com,
carel.com,
caribbeanproduce.com,
caribefederal.com,
carillonhotel.com,
caritassws.org.hk,
carltonhotel.co.th,
caronrent.com,
carpenters.com.fj,
cartongraf.eu,
cartongraf.net,
caryagroup.eu,
carzonrent.com,
casadelcafe.com.ni,
casainstrumental.com,
casamedic.com.pa,
casli.es,
casperpharmaindia.com,
caspex.co.nz,
casponet.co.il,
casystem.fr,
cattelecom.com,
c-bco.com,
cbre.com,
cc.com.pl,
cc.gob.pe,
ccamatil.com,
ccarzonrent.com,
ccc.co.il,
cccapital.net,
cce.gob.ec,
cciargentina.com.ar,
cci-mexico.com.mx,
cci-mexio.com.mx,
ccmc.org.sg,
ccoa.org.co,
ccs.com.jo,
ccscorppr.com,
cdaautomas.com.co,
cde.metalanka.com,
cecomsa.com,
cecomsa.net,
cecurity.com,
cedgroep.nl,
ceedeeinvestment.com,
ceedeeinvetment.com,
cegeka.com,
cegsolucoes.inf.br,
celarenet.com,
cellmedicine.com,
cellsol.net,
CEMENGAL.COM,
Cemengal.com,
cemengal.com,
centena.com,
centralinnovation.com,
centralitytech.com,
centralwire.com,
centrepme.be,
centro.com.bd,
centrocot.it,
centroitalianodb.com,
ceramicarenacimiento.com,
ceratec.com,
cerdil.com.br,
certe.nl,
certinergy-engie.com,
cesi.it,
cesm.com.hk,
ceso-gto.com,
cesun.edu.mx,
cfe.mx,
cfn1909.es,
cfoa.eu,
cg.solutions,
cgs-il.com,
cgt8.com,
ch.abb.com,
chakong.com,
chancesgames.com,
chanco.my,
chandrinou.gr,
charactell.com,
charmtop.com.hk,
charter.net,
chatbotize.com,
ch-ed.fr,
cheerup.co.il,
chichester.ac.uk,
chinformatica.ch,
CHINOVALLEYSCHOOLS.COM,
chinovalleyschools.com,
chm.eu,
chm.pl,
cia-info.com,
ciber.co.za,
cibercorp.com.mx,
cibermundo.com.mx,
ciccorp.com.my,
cicsagruas.net,
cidesa.com.py,
cidsl.com,
cihebkenya.org,
ciime.mx,
cinex.com.br,
cinque.co.za,
ciondemand.co.il,
ciperva.com.ar,
cique.co.za,
cisgabon.com,
cis-valley.fr,
citycom.co.at,
citycom-austria.com,
cityfit.pl,
citypg.pl,
cjtrade.com.br,
cjtrade.net,
cki.com.au,
ckpchrudim.cz,
ck-tek.com,
cladtek.com,
claratti.com,
clarion.com.my,
clarity.co.th,
claritycap.com,
claro.com.do,
claro.com.gt,
claro.com.pe,
claropr.com,
clcgas.com.co,
cleanaway.com.au,
clearchoicehc.com,
clearharbor.com,
clearthinking.co.uk,
climanova.com,
climed.at,
clinicadelcampestre.com,
clinilab.net,
clinisys.com.tn,
cloudacc.co.za,
cloudcarrier.nl,
cloudhm.co.th,
cloudnet.mx,
cloudplus.com.sg,
cloudtech.co.nz,
cloudtech.com.co,
clowdcover.com,
clubnecaxa.com,
clubnecaxa.mx,
cmconline.be,
cmj.citizen.co.jp,
cmrc-saudi.sa,
cmrc-sauid.sa,
cmsa.com.my,
CMS-GRAU.COM,
cms-grau.com,
cmtg.com.au,
cnajmj.fr,
cntindia.net,
cntpl.com.sg,
co.th,
coastalusa.com,
cobach.edu.mx,
codalis.ch,
codeblue.co.nz,
codesria.org,
codico.com,
cofelyineo-gdfsuez.com,
coi.gov.pl,
coinsalt.com,
coldview.com,
colegiosperuanos.edu.pe,
colganind.com,
colinashospital.com,
colintra.com,
collab.com,
colliers.com,
colobridge.net,
colombobogota.edu.co,
colorjetgroup.com,
coltebienes.com,
columb-technologies.com,
com.com,
comaf.com.tn,
comaf.tn,
comapp.it,
comarch.pl,
comatec.com.sa,
comcast.net,
comcloud.fr,
comdados-ba.com.br,
comdinheiro.com.br,
comerich.co.th,
commzed.com.my,
comodor.co.il,
compassenviro.com.au,
compecer.com,
completepc.com.au,
comptrac.com.my,
compusal.es,
computec.net,
computerdime.com,
computerline.gr,
computer-solution.be,
computime.com,
comsolutions.ch,
comstor-la.com,
comune.pomeza.rm.it,
comune.pomezia.rm.it,
comunidad.unam.mx,
comunit.co,
conduril.pt,
conectics.com,
conectividad.com.mx,
conexa.com.pe,
connect.com.co,
connectads.com,
connectia.pl,
connectis.co.ao,
connect-translations.at,
connexrm.com,
connexum.mx,
conseguridad.com.mx,
consorzioinnovo.it,
consulters.com.ar,
consulting.construction,
continentalmotores.com,
contineo.be,
continuance.fr,
controlcase.com,
control-it.co.il,
controlware.at,
convergedit.co.uk,
convergence.co.th,
convergentsolutions.com,
conversantgroup.com,
convi.com.do,
cookiesandcloud.be,
cooltecho.com,
coopbueno.com.do,
coopcentral.com.do,
coopetro.com,
coopmil.coop.br,
coopnama.coop,
copamarina.com,
coqueta.com.mx,
corbuma.com,
coretech.it,
corona-1919.com,
corp.vetorial.net,
corporacionacs.com,
corpository.com,
cosgs.com,
cosmoquimica.com.br,
cosmos100.com,
coster.com,
costergroup.eu,
cote-cube.fr,
cox.com.au,
cozify.fi,
cpcorppr.com,
cpcplus.co.za,
cpg.realstate.com,
cpgrealestate.com,
cpgrealstate.com,
cpibj.com.cn,
cpi-th.com,
cpl.com.pg,
cpmfg.com.my,
cppmde.com,
cpstechnology-mm.com,
cra.pr,
craft.group,
craigmullen.co.uk,
crea-sc.org.br,
creasys.it,
creata.com,
createit.ae,
creaturelab.co.th,
crediplanalto.com.br,
creeksideacademy.org,
creixemcc.cat,
creosalus.com,
crgl.com.ar,
crie-mariemont.be,
cristianmansilla.com.ar,
criticalcolocation.com,
critis.gr,
cronuspharma.com,
cropone.ag,
cropp.com.my,
crossit.ro,
crossjeans.com,
crossjeans.pl,
crous-lille.fr,
crowe.my,
crowehorwath.com.my,
crt-insights.com,
crya.com.ar,
crystalball.tv,
Crystalnetwork.com.sa,
crystalnetwork.com.sa,
csags.com.mx,
csgsrl.eu,
csif.es,
csintel.com,
csmpr.org,
cso.pt,
cssdubai.com,
ctenergy.pl,
c-t-o.co.za,
ctp.be,
cts.co.il,
cttmx.com,
cuaed.unam.mx,
cubro.co.nz,
cubroc.o.nz,
cultur-e.it,
cury.net,
cusn.com,
custard.com,
customcontrol.mx,
customers.teamis.nl,
cvaconsultoria.com.br,
cvaspa.it,
cvl.co.rw,
cvr.com.do,
cvrsolutions.ca,
cvs.de,
cwc.com,
cwi.at,
cwrsoma.com,
cybercomtechllc.com,
cybernaptics.mu,
cybersecure.co.th,
cybertekmssp.com,
cybervive.com,
cycna.com.mx,
cyfersolutions.tech,
cygnux.com,
cygnux.in,
cypfer.com,
cytwist.com,
d3s-group.com,
da3m.et,
daddykate.be,
daddykate.fr,
dahabshiil.com,
dahers.net,
dahlgren.one,
daikin.co.jp,
daily-tech.co,
dairygold.co.zm,
dalbd.com,
daltexcorp.com,
dama.li,
damovo.com,
danaos.gr,
danet.com.au,
dankv.com,
daraluzbirthcenter.org,
dasmsp.com,
dasoft.pl,
dasta.or.th,
data3s.com,
datacom.co.nz,
datacomp.com.pl,
datacore.co.il,
datafangst.se,
dataguadeloupe.com,
datanalytics.ai,
datapro.com.my,
datatec.com.co,
datazoneme.com,
datec.com.pg,
datek-inst.no,
datix.co.nz,
dayo-tech.com,
dbm.com.br,
dbosco.com.br,
dci.daikin.co.jp,
dcmshriram.com,
d-connect.net,
dcsas.com.co,
dcvlab.com,
dcwroclaw.pl,
debackenders.nl,
decimalpointanalystics.com,
decimalpointanalytics.com,
decimalpointanalytics.info,
dedalus.eu,
deer.hk,
deestone.com,
degies.com,
de-ict-er.nl,
dekkolegacy.com,
delectric.com.mx,
delegate.pl,
delek-group.com,
delekng.co.il,
delicedanone.com,
delimax.co.th,
deltapower.net,
deltec.com,
deltec.com.co,
deltec.comc,
demafront.cl,
dematic.com,
deployedtech.com,
derex.com.mx,
derrimon.com,
desenred.com,
designtechco.com.au,
desmeules.ca,
desobry.be,
desysweb.pe,
detasad.com,
detei.com.mx,
devalspa.com,
devant.com.mx,
devices.pl,
devooffices.com,
devopers.com.br,
devoted.com,
df.com,
dgms.co.th,
dgsi.be,
dgsspa.com,
dhiraagu.com.mv,
diagnos.co,
diamant.ro,
dibbamun.ae,
dictrolic.com,
dievole.it,
difarmer.com,
digatus.de,
digatus.org,
digetech.net,
digibase.it,
digicall.co.za,
digicelgroup.com,
digimaxeurope.be,
digipar.com,
digitalconnexion.net,
dinet.co.il,
diransa.com.ar,
dire11.com,
disal.com.pe,
discovery.com.au,
discovery.net.au,
ditp.nl,
divgi-tts.com,
dixie.org.uk,
dizmonster.co.th,
djarragun.qld.edu.au,
d-kan.co.th,
dkgservices.nl,
dks.pl,
dlmaster.com.br,
dls-logistics.de,
dmcinfo.com,
dmhquiroz.com.mx,
dnv.com,
dnvgl.com,
dobraszczecinska.pl,
docalsa.com,
docflow.it,
dohagolfclub.com,
dominicanadeseguros.com,
domosolucoes.com.br,
domotica.be,
domotica.com,
donantonio.com.ar,
doornhof.nl,
dopler.at,
doradobeach.com,
doradobeach.onmicrosoft.com,
dorra.com,
dot.co.za,
dot4sa.com,
dotconnect.vc,
doublea1991.com,
dourfestival.eu,
dpcmobile.co.il,
dpdc.cz,
dpodium.com,
dpsvroutek.cz,
draco.co.il,
drawstudio.it,
dreamsresorts.com,
drnasin.net,
drogueria-saporiti.com.ar,
dropsgroup.com,
drugcare.co.th,
drumbot.com.mx,
d-simlab.com,
dsm.net,
dtci.co.th,
dto.cz,
dtparque93.com,
dts.com.do,
duatel.net,
DucenIT.com,
ducenIT.com,
ducenit.com,
duezeronet.it,
dukkan-burger.com,
duocell.com.ec,
duoprint.com.ec,
dutest.com,
dvbbank.com,
dyn.co.il,
e9000.com.sg,
eac-airports.com,
eaff.com.ar,
EANA.COM.AR,
eana.com.ar,
earlsregency.lk,
earthcare.foundation,
eastern-groups.com,
eastphone.ch,
easy.cz,
easy-compta.be,
eau.ac.th,
ebi24.com,
ebm.ae,
ebsphere.com,
ecanarys.com,
ecaseso.com.pa,
eccocorbpo.com,
eccocorp.biz,
eccocorpbpo.com,
ecdsin.com,
echion.de,
ecisp.com,
ecit.no,
eclectics.io,
eclsoft.com,
ecmanagedit.com,
ecodeal.pt,
ecoit.at,
ecometer.it,
ecomexpress.in,
econocom.com,
ecos-edilizia.it,
ecouae.me,
ecoview.ae,
ecsfin.com,
ecsfinlatam.com,
ectivise.com,
ecu.edu.eg,
ecuati.com,
ed.company,
e-dataservices.co.th,
edifyeducation.com.br,
e-distribuzione.com,
editorasantuario.com.br,
edris.com,
edris.fr,
eds-automotive.de,
edsmanufacturing.com,
edsmfgmexico.com,
edu.gov.co,
eeckhoutcardoen.be,
een.com,
eetechnik.de,
eezytrack.net,
efactornetwork.com,
efiforest.com,
efor.es,
egartec.com,
egyptcable.com,
eim-eg.com,
e-it.be,
ejercito.mil.ar,
ekenya.co.ke,
ekfc.ae,
ekitsolutions.com,
ekmtc.com,
eko-swiat.pl,
elad.co.il,
elcoict.pl,
elcomercio.com.py,
elecnor.com,
electra.co.il,
electroarges.ro,
elegantcoll.com,
elegen.co.za,
element.com,
elephant-orchestra.com,
elettrodg.it,
elit.uk,
eliteeducation-eg.com,
eliteempresarial.com.br,
elitser-me.com,
ELK-Group.com,
elmi.pl,
elnahdacement.com,
elpack.at,
elrace.com,
elsewedy.com,
elsoadaa.com,
em.fr,
email.thns.co.th,
emailtosms.mailpro.com,
embrioent.com,
emergeits.com.au,
emergentcold.com,
emergy.ae,
emet.co.il,
emeti.com,
emglive.com,
eminentsystems.net,
emiratesconsortium.com,
eml.com.au,
e-mozart.com,
empacadoralamerced.com,
empresavitoria.com.br,
emsi.com,
ems-legal.com,
emtelle.com,
enablis.com.au,
endco.co.uk,
endor.is,
enecon.net.co,
enecworld.com,
enel.com,
enercomtel.com,
energie-graz.at,
energotronic.com.pl,
energy.com,
enetcom.pl,
eng.it,
engelsman.co.il,
enghouse.de,
engie.com,
engiperu.com,
engitech.co.th,
enl.mu,
ensura.com,
entelgy.com,
entersoft.com.co,
entrebtc.com,
entsb.com.my,
eoxcomputers.com,
epaomnia.pl,
epayslip.com,
epco.be,
epf.it,
epoca.com.au,
eptglobal.com,
epxlogistics.com,
eqsystem.pl,
equans.com,
equatorialenergia.com.br,
equestrian.org.au,
equit.com.au,
eraltduk.com,
erg.co.il,
ergorenova.com,
ergos.com,
eridanird.com,
erkert.de,
erre-elle.net,
erstegroup.com,
es.logicalis.com,
esaosta.com,
esatech.ch,
es-be.fr,
escalabeds.com,
escolapia.cat,
escsa.pl,
escuda.cat,
eservicios.indra.es,
esferize.com,
eshkol-it.co.il,
eskadenia.com,
esporc.com,
esri.pa,
esteling.com,
estral.com.mx,
estrategiaproactiva.com,
estudiosabiertos.com,
estudiosys.com.ar,
etasrl.co,
etech.ind.br,
etgar-sharon.co.il,
eth.com.mx,
ethicomputing.com,
etihadhospitality.ae,
etime.bh,
etisaq.com,
etl.es,
etop.pl,
etv.co.za,
eudc.ro,
eurobanan.com,
eurocreations.co.th,
euroholding.pl,
europroject.com,
evantage-technology.com,
evelighting.com,
eveo.pl,
eversendai.com,
eversendaioffshore.com,
eversis.com,
eversys.pl,
evloenergie.com,
evolur.es,
evolution.com.sg,
evolved-ip.com,
exactmgt.com,
exakis-nelite.com,
example.com,
excel.mx,
excel.travel,
excelando.co.il,
excelcomms.com.my,
excellentiam.co,
exchangetower.com.au,
exclusivedemo.co.uk,
exclusive-networks.com,
exclusivere.com.au,
exeo.me,
exequant.fr,
exeterpremedia.com,
exgerm.com,
eximoproject.pl,
existcons.com,
exodes.co.nz,
exordiumnetworks.com,
experda.com,
expertaudit.net,
expertindus.com,
expertindus.net,
exsitec.se,
extremenetworks.asia,
f3m.pt,
facadesolutionsuae.com,
facadesolutoionsuae.com,
facebank.pr,
facene.com.br,
faihagroup.com,
fairheads.com,
faistlightmetals.com,
falconcity.com,
falconrak.ae,
famdall.dk,
famil.com.ar,
famyl.com.ar,
fard-solutions.com,
farmaciasunion.com,
farmatodo.com.mx,
fast.com.pl,
fatninjas.my,
fcm-components.com,
fcv.org,
febinfo.com.br,
fecomercio-rj.org.br,
fel.com.bd,
felesa.com,
fenixsystems.eu,
feraguilar.co.cr,
ferragut.com.br,
ferrariformaggi.it,
ferroglobe.com,
ferroindustria.com.br,
fevisa.com,
ffb.com,
ffdistribuidora.com.br,
fiberx.net,
fibratel.com,
fibrauno.mx,
fieldmetrix.com,
fil-nz.co.nz,
finca.co.zm,
fincaimpact.com,
finconsgroup.com,
fincoord.com,
finediningandliving.eu,
finedl.eu,
finox.com.mx,
fio.com,
fiordaliso.net,
fiorellarepre.com.pe,
firewalls.com,
firmussec.com,
first-accounting.com,
firstclick.com.my,
firstech.net,
fisco.ae,
fiton.nl,
flair.ae,
flashnetworks.com,
flexi.com.mx,
flexisolve.com,
flexwork.nl,
flo.net,
flo-fermetures.fr,
floridahometrust.com,
flowbix.com,
flowsoftware.com,
flowtestequipment.com,
flp.co,
Flydoc.org,
flyfta.com,
fnx-innov.com,
focaldata.com.br,
focun.com.co,
focus-educ.com,
focus-es.com,
focusonservices.com,
focuspl.co.nz,
focusutah.com,
fodc.org.co,
fomav.gob.ni,
fonbienes.com.co,
fondationpoidatz.com,
fonexa.com.ar,
fonteyn.info,
foodmate.br.com,
foodtripeg.com,
foonsy.com,
form-hotel.com,
formula.it,
formunica.com,
fortinet.com,
fortinet.net,
fortude.co,
forty-five.nl,
forusinvest.com,
forwardsystem.com,
fosfa.cz,
fosun.com,
fournarakis.gr,
foxtechnoservice.nl,
fp-group.com,
franceimageries.fr,
frci.net,
free.fr,
freicon.de,
frenchcamp.org,
frenchquarter.my,
freshfruitscompany.com,
frevo.com,
frie.dk,
friendly-tech.com,
frigometro.com,
frsp.org,
frtec.com.br,
fts.com.my,
fuentedevida.edu.gt,
fuentepy.com,
fujikiko.com.mx,
fujitsu.com,
fulco.pl,
funerailles-bodson.be,
furnmart.com.na,
fusioncomputing.ca,
fusionexgroup.com,
futtec.cz,
fuzon.us,
fwnet.com.br,
g.softbank.co.jp,
g2g.com,
g4s.com,
gac-egypt.com,
gaf.com.mx,
gagemak.com,
galileoargentina.com.ar,
galileoiys.es,
galnet.co.il,
galorescold.com,
galoresgroup.com,
galvani.ind.br,
gamail.com,
ganara.mn,
Ganex.com,
gapcorp.com,
gap-engineering.ch,
garagedespont.ch,
garcapital.com,
gartus.at,
garyline.com,
gasesdeloriente.com.co,
gatelink.net,
gateway.sms77.io,
gbscsi.com,
gbsrevcycle.com,
gbtech.biz,
gbt-software.nl,
gcb.edu.co,
gcolumbia.com,
gcomm.com.au,
gcrc.org,
gcwc.com.eg,
gdlan.com,
gdtest.it,
geekrescue.com,
geismar.com,
gemweb.es,
genesisivf.com.my,
genessis.fr,
genia-sec.de,
genie.co.il,
geniusnet.gr,
genom.com.br,
genotech.ca,
geometre-expert.fr,
geonortech.com,
geprime.com,
ges.com.co,
gesplan.com.br,
getabsolute.com,
gethome.pl,
getocto.io,
getter.co.il,
ghalan.be,
ghlhoteles.com,
giani-it.eu,
gibca.ae,
gibs.co.il,
gic.si,
gielleinformatica.com,
gieruszczak.pl,
gigaspaces.com,
gil.com.pk,
gilat.net,
gilatla.com,
giocas.it,
giorgio.com.au,
girasolre.com,
giro.ca,
gis-geodata.com,
givsrl.com.ar,
glascoat.com,
glec.com.sg,
glezco.com,
gli.co.th,
global.ntt,
globalbox-brokers.com,
globalcdb.com,
globalfeeders.com,
globalintelli.com,
globalnews.com.co,
global-usa.com,
global-vision.it,
globalwavenet.com,
glypto-freunde.de,
gm.com,
gmail.cm,
GMAIL.COM,
gmail.com,
gmail.com.br,
gmbh.de,
gme.energy,
gml.com.my,
gmx.de,
gmx.net,
gnetworx.net,
go.edu.sg,
gobertgroupe.com,
godirectnow.com,
goergenweb.nl,
goldbalance.com.au,
goldenduckgroup.com,
goldentulipalbarsha.com,
goldentulipriyadh.com,
goldsysla.com,
goldsysla.local,
GONOCC.com,
goodearth.in,
googlemail.com,
gotech5.com,
gov.in,
gpoarca.com,
gpshiring.com,
gpsmobile.co,
gpstrategies.com,
grammelot.eu,
gramon.com.py,
grandeporto.pt,
grandhillsols.com,
granhotel.cr,
grazetta.at,
grbdairyfood.com,
greatech-group.com,
g-red.eu,
greenamor.com.ar,
greenarmor.com.ar,
greenarmos.com.ar,
greenbonnetco.com,
greenfoam.it,
greenlatex.com,
greenlightworldwide.com,
greenlimpieza.com,
greenlinkgroup.eu,
greenpowermonitor.com,
greentree.systems,
grilloltda.com,
grinda.org,
gr-it.com.ar,
gronteq.com,
Group1auto.com,
group1auto.com,
groupechrea.com,
groupe-gto.com,
groupe-maine.com,
groupe-pem.com,
groupewolf.com,
groupmfi.com,
growbydata.com,
grpservices.com.au,
gruges.com.mx,
grupoaltum.com.co,
grupoavenida.com.br,
grupobios.co,
grupocsi.com,
grupocsi.com.mx,
grupodevices.com.br,
grupodisgralco.com,
grupoelectrostocks.com,
grupoelectrotecnica.com,
grupofaraujo.com.br,
grupogtd.com,
grupoh2m.com.br,
grupoibiz.com.mx,
grupojama.com,
grupolacaridad.com,
grupolasamericas.com.mx,
grupolinka.com,
grupomarista.org.br,
grupomaximus.srv.br,
gruponiza.com,
grupo-pc.com,
gruporodas.com.mx,
gruposantaluzia.com.br,
gruposimoes.com.br,
grupo-syz.com,
grupoyuyin.com.mx,
grupposigla.it,
grupserhs.com,
gsap.co.il,
gsc.gov.om,
gshoman.com,
gsinformatique.fr,
gstw.at,
g-tec.co.th,
gtfoods.com.br,
gtsholding.net,
gtsystems2.sk,
guanajuato.gob.mx,
gulf-marine.com,
gulfpalms.com,
gupta.net.nz,
gwa.edu.sg,
gwg-koenigsbrunn.de,
gwmidc.in,
gyftr.com,
gypsemna.com,
gzflora.de,
habtoormotors.com,
hadefo.de,
Haim-Abdal.co.il,
halvorsen-tax.com,
hanibaal.co.il,
hanseaticfish.pl,
hapbit.be,
harbornetworks.com,
hardrockhotels.net,
hardsoft.net,
hardwarehaus.com.pg,
hardwood-tech.com,
hargal.co.il,
hartwilcox.com,
hasam.cz,
hashibasha.com,
hashkal.co.il,
hatari.net,
hauber.cc,
haut.id,
havalus.com,
hbng.ca,
hcdubai.com,
hcs.ie,
hdpro.pl,
heal.my,
healthcarelogistics.com.my,
healthconnect247.com,
healthindiatpa.com,
heban.net,
hedcinema.co.il,
heh.com.ec,
heinsohn.com.co,
hejailan.com,
hektarproperty.com,
hellenicnavy.gr,
hellopine.com,
henghiap.com.my,
hensongroup.com,
heptapro.com,
hera.com.mx,
hes.de,
hes2021.de,
heuvelland.be,
hexagon.com,
hhd.ae,
hicomhbpo.com.my,
hiddenobjects.com,
highlands.edu.sv,
highvolteng.com,
hispatec.com,
hitachi-powergrids.com,
hitachi-sunway-is.com,
hitachitransport.com.my,
hitechcochin.com,
hitech-machinery.com,
hkgta.com,
hlengineers.com,
hlma.com.my,
hl-valmadon.fr,
hlw-fohnsdorf.com,
hlw-leoben.at,
hmasociados.net,
hmfs.gov.co,
hnpostenzonen.nl,
ho1a.com,
hoail.com,
hoerzer-eisenmetalle.at,
hofmann-spedition.de,
hofmeijer.net,
hogantaylor.com,
hoibocher.at,
holarafa.com,
holidayviilladoha.com,
holidayvilladoha.com,
hollowaygroup.com.au,
holostik.com,
home.nl,
home.pl,
homelinux.info,
homemotors.net,
hondanon.com,
hondaportqasim.com,
hondasm.com,
honeycombgroup.org.uk,
honeycomgroup.org.uk,
honglanservices.com,
horizoncontrols.co.uk,
horizonte.com.py,
horsa.it,
hostersi.pl,
hot.net.il,
hotelecosmos.com,
hotelescosmos.com,
hotmai.com,
hotmail.be,
hotmail.com,
hotmail.com.br,
hotmail.es,
hotmail.fr,
houzz.com,
hoya.com,
hpcc.co.il,
hplhotels.com,
hpowere.com,
hrhcpuntacana.com,
hsmedv.at,
hsmtx.com,
htrasia.com,
huck-house.org,
huelemu.com.ar,
hugener.com,
huke.se,
hummelsolutions.com,
hurricane.com.my,
hurtadoguzman-abogados.co,
hvnv.be,
hwb-sa.com,
hybrit.co.uk,
hydrofitgroup.com,
hydrohouse.com.ua,
hydropoolengineering.com,
hygear.com,
hygeiagroup.com,
hypermorph.com,
hyundairepentigny.com,
i24.co.th,
i4net.co.il,
iac.ac.il,
iajv.ae,
iarcosoft.com,
iautomation.nl,
ib4t.co,
ibiola-mobility.com,
IBK-Elektronik.de,
ibnroshd.edu.sa,
i-can.pl,
icespedes.com,
ichengsi.com,
iciprocess.com,
ICLOUD.COM,
icloud.com,
icmarkets.com,
icmarkets.com.au,
icmsales.com,
icmt-france.com,
icompaz.com,
icsfs.com,
ict-group.cz,
ictlink.be,
identian.co,
idesa.net,
ide-tech.com,
idgs.my,
idiap.ch,
idirect.net,
id-karta.cz,
idpc.gov.co,
idscabo.com,
ids-oesterreich.at,
idw.pt,
ieeconsultores.com.mx,
ienco.ch,
iet-enery.com,
ifamo.be,
ifapme.be,
ificonsulting.eu,
ifm.com,
ifpexpo.com,
ifpqatar.com,
ift-online.com,
i-full.com.ar,
ifxcorp.com,
igel-ps.de,
ignaszak.pl,
igroup.com.au,
igroupsolution.com,
iiam.com.my,
iimtrichy.ac.in,
iinet.net.au,
iis-saudi.com,
ijm.com,
ikosiberia.com,
ikosresorts.com,
iksolution.com.br,
ilannet.co.il,
ilil.si,
ilkoarcoaseo.com.co,
ilol.si,
ilori.cc,
im.com.ar,
imagenpositiva.com.co,
imagin.pl,
imexca-zl.com,
immobilsarda.com,
imp-360.com,
impacttv.co.jp,
impit.at,
importadoracastro.com,
impressiontechnology.com,
imsa.hn,
inbar-solar.com,
incadea.com,
incarso.com,
incasgroup.it,
incentea.pt,
incifire.com,
incifire.com.do,
incocegla.org.do,
inconek.com,
indra.es,
inecom.com.au,
infin8it.com.au,
infinia.mx,
infiniteadvisors.com,
infinitynetworks.com.my,
infoart.hr,
infocan.net,
infocloud.com.sg,
infocomunicaciones.net,
infodev.com.np,
infodynamic.net,
infogest.tn.it,
infolex.com.pl,
infolider.pl,
infolifecomputers.com,
infolinegroup.com,
infologin.ch,
infonet.es,
info-quality.net,
informaticos.com,
informatik.com.br,
infortecnica.es,
infoser.biz,
infoshoptecnologia.com.br,
infouai.com,
infraconsulting.it,
infrarom.com,
ingenierosunoa.com.co,
ingenus.com,
ingressauto.com.my,
ingresscorp.com.my,
inlineict.nl,
inmaco.com.gt,
innergex.com,
innergo.pl,
innoba.mx,
innobim.biz,
innovaschools.edu.mx,
innovatelco.net,
inntecmp.com.mx,
inoha.com,
inorpel.com.br,
inorpelcybersecurity.com.br,
inovatlab.com.br,
inovayt.com.au,
inovine.ba,
inovissoft.com,
inpesca.gob.ni,
inphamedis.dz,
ins-aic.com,
inselradio.com,
insigtech.com.au,
insivumeh.gob.gt,
inspiregn.com,
instar.cz,
instel.com.pl,
institutdegenech.fr,
int.com,
intactit.com,
inteceng.com.my,
integracionaduanal.com,
intelie.com.br,
intelisis.com,
intellectit.com.au,
intelliqa.com,
intensity-global.com,
intercast.com.au,
intercolombia.com,
intergate-immigration.com,
intergen.co.nz,
interia.pl,
interloc.com.au,
interlogic.co.nz,
interluxury.ae,
interluxury.com,
intermediatms.com,
international-petroleum.com,
intersoftti.com.br,
intersys.com.pl,
intertecSys.com,
intertecsys.com,
interval.nl,
interwor-tsic.com,
intimesol.com,
intranet.lan,
intraworq.com,
intur.gob.ni,
invent.eng.br,
inventum-nm.no,
invercolsa.com.co,
inverto.com.au,
invescon.es,
invia.com.au,
inwind.it,
ios.com.br,
iotexpress.io,
ip5tecnologia.com.br,
ipaqme.com,
ipar.com.au,
ipay88.co.id,
ipay88.co.th,
ipay88.com.my,
ipeinductry.com.au,
ipeindustry.com,
ipeth.edu.mx,
ipexpert.gr,
ipglass.com.au,
ipkol.fr,
iplink.do,
ipmc.cnrs.fr,
ipnetconsulting.com.co,
ipsilan-networks.fr,
ipsnet-dz.com,
ipsystem.se,
ipteic.fr,
iris.cat,
iris-eng.com,
irritechsa.co.za,
irritechzm.co.zm,
isc-th.com,
isdbd.org,
isep-thies.edu.sn,
isertec.com,
isfpegypt.com,
ish.ps,
isl.com.pk,
islt.be,
is-mb.it,
isonbpo.com,
isonxperiences.com,
isoutsource.com,
ispschools.com,
iss-consultores.com,
isysa.com.mx,
it.hsagroup.com,
it.ibm.com,
IT.integro.pl,
it2.nl,
itactive.pl,
itadvisorspa.com,
itb.com.sa,
itblueprint.ca,
itc-ariane.com,
itcb.com.ar,
it-con.at,
itcscorporate.com,
itdept.com.hk,
itdigitserve.com,
ite.co.il,
itechpr.com,
itecsa.com.co,
iteksa.com,
itera.co.il,
itgnet.it,
ithra.edu.sa,
i-ti.com.mx,
iticapital.com,
itiers.com,
itkonzultant.net,
itmanager.co.th,
it-mar.pl,
itnc.ch,
itomic.ie,
it-onoff.de,
itopensolucoes.com.br,
it-productions.at,
itprojects.com.co,
i-tree.co.th,
it-revolutions.com,
itsales.co.cr,
it-schimak.net,
itscz.net,
itsellcon.com,
itsf.com.pl,
itsncg.edu.mx,
itsolve.com.sg,
itssolucoes.com.br,
ittaskforce.co.nz,
ittechco.com,
it-tek.com.au,
itti.digital,
itundt.at,
itwin.asia,
itworks.ae,
itzone.mn,
iusa.com.mx,
ivstel.com,
iwacom.pl,
iwm.com,
iwm.com.pk,
ixolution.com,
iyunomg.com,
iyuno-sdi.com,
j2.mil.do,
j4network.com,
jac-recruitment.com,
jaddarah.com,
jagota.com,
jaheria.se,
jakost.cz,
jalboot.ae,
jalbootmaldives.mv,
james-fisher.co.uk,
jamesgroujpintl.com,
jamesgroupintl.com,
jardindelapaz.com.py,
jasanigroup.com,
jasanijewellery.com,
jasek-legal.cz,
jaureguy.com.ar,
jbs-ltd.co.uk,
jca.pr.gov,
jci.com,
jcyinternational.com,
jcythailand.com,
jdfthailand.com,
jdyoung.com,
jeanbordesconstructions.fr,
jesuits.org,
jevicko.cz,
jigsaw.xyz,
jindalafrica.com,
jinkgo.com,
jislon.com,
jk.com.sg,
jksistemas.com.co,
jllnetwork.com.br,
jmainhardt.com.br,
jnaceros.com.pe,
jntrading.biz,
johnhardy.com,
john-it.de,
johnmacmahon.com,
johnsmeatonacademy.org.uk,
jos.com.my,
jpauljoneslp.com,
jpjones.com,
jpm.gov.my,
jrmsac.com.pe,
jsk.my,
jst.my,
juan-xxiii.com,
jubileekenya.com,
JULIES.COM.MY,
julies.com.my,
juve-consulting.be,
jvh.be,
jwframe.com,
JWS.CO.TH,
jws.co.th,
jwsm.co.th,
ka.com,
kaastec.com,
kaius.ch,
kaizen365-tech.com,
kajima.co.th,
kaj-plastics.eu,
kaldera.net,
kansaipaint.com.my,
kaotm-it.co.il,
kapsch.net,
kararconsulting.com,
kardex.com,
karhoff.us,
karianandbox.com,
karmen.com.sg,
karnisoftsol.com,
kashier.io,
katrinagroup.com,
katsampoxakis.com,
katzylopez.com,
kaufman.com,
kavak.com,
kawatec.com,
kayburton.com.au,
kbh.ae,
kce.es,
kconnectworlwide.com,
kcs.ae,
kdati.org.il,
kdesoftware.com,
kedma-capital.com,
keeggo.com,
keep.pt,
keijzer-online.nl,
kellerer.de,
kellogg.com,
kemberton.net,
keolis.com,
kerrylogistics.com,
kgtcommunications.com,
khmc.jo,
kiairaqnim.com,
kiajordan.com,
kianjoocan.com.mm,
kianjoocan.com.my,
kiattana.co.th,
kidsandus.com,
kidsandus.es,
kidskreationsco.com,
ki-lat.co.th,
kinoo.mu,
kionetworks.com,
kiscc.com,
kiswire.com,
kit-e.eu,
kivunim7.co.il,
kivunum7.co.il,
kiwiplan.com,
kk.co.th,
klassco.com,
kleinewolke.com,
klh-tv.com,
kmpsp.opole.pl,
kmtc.co.th,
knesset.tv,
kns.sl,
kns-systems.com,
knt.co.th,
kobaytec.com,
kobaytech.com,
koho-pbm.co.th,
koldamov.com,
kolodziejski.org.pl,
kolska.pl,
komatsu.mx,
kombitec.com.mx,
konicaminolta.cz,
konicaminolta.sk,
kontakt.io,
kordas.pro,
korens.co.il,
korthold.nl,
kovolis-hedvikov.cz,
kplusk.sk,
kralupol.cz,
krestonbsg.com.mx,
kriko.com,
krones.com,
ksdesign.pl,
ksecurity.com.br,
ksfidc.com.br,
ksibb.com.pl,
k-t.co.il,
ktlaw.co.nz,
ktt-testengineering.de,
ktw-friedrichshafen.de,
kuehleitner.at,
kumulus.com.br,
kvc.com.my,
k-v-d.be,
kvsnetworksystem.com,
kyoto-tech.com,
l2mtech.it,
laboratorioaustral.com.ar,
labrubio.com,
labrunier.com.br,
labrunier.om.br,
laf.co.th,
lahat.com,
LAIDLAW.AC.NZ,
laidlaw.ac.nz,
lalsgroup.com,
laminaar.com.sg,
laminaar.in,
laminaar.us,
lamina-ksa.com,
landhaus-styria.at,
langevin.us,
lankacom.net,
lareif.com,
latamclick.com,
laticrete.co.cr,
laudenewtoncollege.com,
lawsonac.com,
lc-legal.co.il,
lcs.com,
lcsistemas.com,
leader008.com,
leadership.com.co,
leadx.com,
leaf-it.com,
leagroup.com.my,
leamseducation.com,
lebara.sa,
lecheyaqui.mx,
leeden.com.my,
legionellaprecare.com,
lehavot.co.il,
leica-geosystems.com,
leirimedicao.pt,
lemoconsulting.com,
lensoaero.com,
lenting.nl,
leonyfuxet.com,
LeRoyalGroup.com,
leroyalgroup.com,
leroyalkuwait.com,
lesaffre.com,
lewarehouse.mu,
lexbuild.com,
lexco.com.do,
lexincorp.com,
lexpage.net,
lexusmadrid.es,
leykamletsprint.com,
lfb-services.com,
liadwhatstein.com,
librelato.com.br,
licifiji.com.fj,
licindia.com,
lightwirebusiness.com,
limito.pl,
lincor.pl,
lindenbaum.eu,
linktic.com,
lin-law.co.il,
linvillegolfclub.com,
lipocura.de,
lisam.com,
liszewski.info,
livability.org.uk,
live.be,
live.com,
live.com.au,
live.com.my,
live.in,
live.nl,
livernais.org,
lkm.com.br,
llavonacpa.com,
lledo.edu,
lledo.edu.es,
lnb.gob.pa,
lobos.pl,
lodhagroup.com,
lodzkie.pl,
loffice-asso.fr,
logicnetdr.com,
log-in.com.ar,
logistica911.com,
logon.pl,
logsys.co.il,
londonsupply.com,
loscoyotes.mx,
loxbit.co.th,
loxinfo.co.th,
lppi.co.uk,
lppi.com,
lrgkuwait.com,
l-r-m.co.uk,
LST.CH,
luisrocha.com.ar,
luks.krakow.pl,
luminate.one,
luminoussystem.com,
lumuri.edu.do,
lunada.co.il,
lune.com.pl,
lxbit.co.th,
lynxspa.com,
m1.com.sg,
m247.com,
m2development.ch,
m2s.ch,
m2software.ch,
m3nogales.com,
macaid.com.au,
macdent.nl,
machealth.com.au,
macomp.co.il,
macroplan.com.au,
madata.com,
madict.be,
maestroswiss.com,
mafesystems.mx,
magicsoftware.com,
magis.com.co,
magnauy.com,
magnumtc.com,
magrabi.com,
mail.auxpmag.org.gt,
mail.honchuan.com.tw,
mail.hostedsms.pl,
mail.huji.ac.il,
mailfence.com,
maiten.com,
make-it.works,
makeno.cz,
makio.pl,
mal-data.com,
malifax.com.sg,
Mamaworks.com,
manageit.net.nz,
manarmall.com,
manatech.do,
manatechgroup.com,
manazil-uae.com,
mancom.at,
manesa.com,
manetoni.com.br,
manifatturelombarde.eu,
manixautomatyka.pl,
mansourgroup.com,
manuelita.com.pe,
marblelife.ae,
marcellusi.it,
marclay.co.uk,
marcopol.pl,
mardenhigh.net,
marel.com,
marigot.it,
marina.ae,
marketing-home.com,
marketlinkaec.com,
marmotor.net.bmw.es,
marquisloscabos.com,
marriott.com,
martc.com,
martecintl.com,
martingmbh.de,
marw.dz,
masdel.com.sv,
masella.com,
masfondos.com,
Mashiah.co.il,
mashiah.co.il,
masociete.com,
masterbill.com.pl,
masterclassllc.com,
mastermotor.co.th,
mat.co.th,
materialsciencescorp.com,
matexnet.com,
maticmind.it,
matrix.co.il,
mattel.mr,
maudsleyhealth.com,
maviju.com,
maxcom.com,
maxsoft.co.il,
maystargeneral.com,
mb.molitec.co.jp,
mbbc.qld.edu.au,
mbc.qld.edu.au,
mbda-systems.de,
mbgcorp.com,
mbip.gov.my,
mbocinemas.com,
mbrany.com,
mbsoft.com.ar,
mcare.pro,
mccallgroup.com,
m-challenge.com,
mcts.cz,
md.catapult.org.uk,
md6.fr,
mdclone.com,
mdems.fr,
mdsnet.eu,
me.com,
mechkar.co.il,
mechnikov.org,
medasys.tech,
medatech.com,
medfordleas.net,
mediassistance.it,
meditts.com,
medplusng.com,
medsurgsolutions.co,
medsurgsupplies.com,
megafoam.com,
megalaser.com.br,
megalasser.com.br,
megaloge.com,
meinsa.es,
melia.com,
melium.com,
menaenergy.com,
menahel4u.com,
mendoza.gov.ar,
menhinick.co.za,
menomadin.com,
mepro.net,
mequim.com.pe,
merchantwest.co.za,
merimonng.com,
merinoservices.com,
me-rrglobal.com,
mestchen.de,
meta.co.jp,
metakiterange.com,
metalanka.com,
metalsx.com.au,
metal-tec.com.mx,
metecno.it,
metecnoitalia.it,
meteorit.co.il,
metis.tech,
met-solution.com,
meublescavagna.fr,
meylan.fr,
mfdm.com.my,
mfocus.com.my,
mfood.co.th,
mfx.com.br,
mgc-asia.com,
mgc-marine.com,
mgcontrolsystem.it,
mgm-imgenieria.com.co,
mgm-ingenenieria.com.co,
MGM-INGENIERIA.COM,
mgm-ingenieria.com,
mgm-ingenieria.com.co,
mgp.co.ao,
mg-project.com,
mhd.co.om,
miaarabia.com,
miastoturek.pl,
mic.co,
mic.co.zw,
micdkl.com,
micro-mechanics.com,
microntel.com,
micropoint.co.il,
microset.com.br,
microsoftsupport.com,
microteltechnology.com,
miczim.com,
mida.co.il,
midasfurniture.com,
middendrenthe.nl,
midstatefl.com,
m-i-e.Fr,
miescor.ph,
migiva.com,
migivagroup.com,
mii2td.net,
mijnnotaris.be,
mijnnotars.be,
milestonegroup.co.in,
mims.com,
mincaroneadv.com.br,
mindworks.com.br,
mined.gob.sv,
minereye.com,
minerva-is.cz,
minimaxxsofa.pl,
minpro.com.mx,
minsait.com,
mintel.gob.ec,
mintgroup.net,
mis.com.sa,
misrconsult.com,
misrtech.com,
missionofhope.com,
mitchellcotts.co.ke,
mitec.com.my,
mithaquna.com,
mitmar.pl,
mitrelli.com,
mitrelli-ic.com,
mitsi.com,
mittermueller.at,
mitur.gob.do,
mkrestaurantgroup.com,
mkvg.cz,
ml-informatik.com,
mmp.cz,
mnetpr.com,
mnitpartners.com,
mnp.ca,
mnztecnologia.com.br,
mobi.com.br,
mobilit.com.br,
mocksey.app,
moctezuma-gdl.com,
modelcraft.ae,
mogaveerabank.com,
molitec.mx,
moncrieff.com.au,
moneyfellows.com,
mongolmilk.mn,
monpolymet.mn,
montinpetrol.com,
montosa.com.mx,
moovit.com,
mopc.gob.do,
moralesehijos.com,
more.serit.no,
more-consultants.com,
mosessco.com,
moshimoshi.co.th,
motion06.sg,
motobrie.com,
motorit.se,
mouscron.be,
movichhotels.com,
mpec.konin.pl,
mpgm.com.pl,
mpk.krakow.pl,
mr.med.sa,
mrlucky.com.mx,
mrmsb.com,
mrtsconsultoria.com,
msc.com,
mscsittipol.com,
msk.us,
msn.com,
mspbrasil.com.br,
mszana.pl,
mtagcorp.com.sa,
mtdgroup.com.my,
mtl-it.com,
mtn.com,
mtp.es,
mtpinternational.com,
mtpinternational.mx,
mudhenbrew.com,
mukinter.com,
multimedicanorte.com.mx,
multimedios.com,
multiplex.ae,
multiplex.ua,
multistore.com.ar,
multitasknet.com.br,
multivita-eg.com,
munchys.com,
mundoopen.com.br,
muniparaiso.go.cr,
munozrivera.edu.do,
mupeg.com,
muradlansa.com,
muxo.it,
mwaiwathuhospital.com,
mwtsolutions.com,
my.fujitsu.com,
my.lulumoney.com,
myanmarsurveyresearch.com,
my-gtc.com,
myipo.gov.my,
myit.co.il,
myitcompany.com.au,
mylescars.com,
mymada.com,
mynd.it,
mynetassist.com,
mynext.it,
mynrma.com.au,
myopensoft.net,
myvalue.com,
n2nconnect.com,
nadox.se,
nakano-const.com,
namasteinfo.com,
nanosemed.com,
nas2u.my,
natcheztracelodge.com,
nativitycatholic.org,
naval-mexicana.com.mx,
navionsl.com,
nawasi.com.kw,
nazrol.tech,
nazsoftech.com,
nbg-group.com,
nbhm.eu,
nbsz.co.zw,
nccs.co.th,
ncrantilles.com,
nc-s.hk,
nct.com.br,
ncta-inc.com,
ncw.gov.sa,
nearlinx.com,
necksimp.pl,
neelkanthsarovarpremiere.com,
neelkanthsarovrpremiere.com,
negev-museum.org.il,
nelcom.co.il,
nelecasa.com,
nelite.com,
nemacre.com.ar,
neoris.com,
Neo-tours.com,
nesher.co.il,
neskom.at,
nesma.com,
ness.com.br,
net.tonghsing.ph,
net2.com.co,
net-armored.com,
netatwork.com,
netbeopen.com,
netbrains.nl,
net-cloud.com,
netcode.com.br,
netcosports.com,
netforcegs.com.pe,
netinteractive.pl,
netliving.co.uk,
netlogistik.com,
netops.mu,
netprobe.nl,
netscenario.no,
netsol.com.do,
netsurf.it,
net-system.be,
nettrust.ch,
netvision.net.il,
netvoip.cz,
networkcompany.nl,
networkconsulting.it,
networkiq.co.uk,
networks-inc.com,
netz.pl,
netzwerkdesign.de,
neuheitsolutions.com,
neuroservices.com.mx,
nevpro.co.in,
newcognito.com,
newlevelit.com,
newmedenergy.com,
newsys.co.il,
newtechme.com,
nex4.net,
nexersys.com,
nexess.fr,
nexlabs.com,
nexnet.cz,
nexolution.com,
nexpert.de,
nextcomm.com.co,
nextvision.com,
nexusglobalcom.com,
nfc-israel.co.il,
nfm.com.pl,
nhg.com.mx,
nhm.ae,
nibuae.com,
nibue.com,
nieldcreative.co.uk,
nigrarim.com,
nis-egypt.com,
nishatmills.com,
nitaqtec.sa,
njoy.co.il,
nmc-oman.com,
nmdc.ae,
nmo.org.nz,
nmore.com,
noga.co.il,
non.se.com,
none.com,
noratel.lk,
norrenberger.com,
norrlands.se,
norrlandstra.com,
norteldata.com.br,
nortetel.com,
northgatesd.net,
northwestschools.net,
notariaatbaudry.be,
notariado.org,
notificacionesweb.com,
nova-c.dk,
novacio.fr,
noval.com.do,
novatek.pl,
novatek.ru,
novelcomm.gr,
nowcfo.com,
nrsb.my,
nsepr.com,
nsrc.gov.ae,
nswcontrole.ca,
ntc.com.sg,
ntservices.com.br,
nttdata.com,
nu.edu.eg,
nu.edu.pk,
nubitel.co,
nuclep.gov.br,
nu-med.pl,
nuroluae.com,
nutracor.com,
NutraScienceLabs.com,
nutrasciencelabs.com,
nutriex.com.br,
nuttens.be,
nu-world.com,
nvyatech.com,
nwconstruction.com,
nwpmcl.com.hk,
nwtrustbank.com,
nxo.eu,
nxtgen.com,
nys.go.ke,
nzcb.nz,
o2.pl,
oasismgt.net,
obsidian.co.za,
occamdesign.com,
ocean.com.ar,
oceanbridge.com.my,
oddity.com,
odit.be,
ofar.com.ar,
ofnac.gouv.ht,
oftov.co.il,
ohmega.com,
ohmega.com.mx,
ohv.nl,
oilserv.com,
oj.gob.sv,
okteller.com.br,
olehausenbilliards.com,
olhausenbilliards.com,
olimphospital.az,
om.pl,
omanfiber.com,
omangtech.com,
omerin.com,
omgdominicana.com,
omnilogistics.com,
omnilogisticsllc.com,
omnisport.com,
omnitronics.com.au,
omnitronicsworld.com,
omscomponents.it,
onacorporation.com,
onbusinessconsulting.com,
ondati.com.br,
one1.co.il,
one1cloud.com,
one4.it,
one-crownplace.co.uk,
onecrownplace.com,
onefone.pl,
one-inside.com,
oneorzero.com.my,
oneweber.com,
oni.pt,
onito.pl,
onyx-pharma.dz,
onzite.dk,
opdenwinkel.nl,
openwayes.com,
operasia.com,
operis.fr,
oploo-engineering.nl,
oppida.com,
opspanama.com,
ops-sw.pl,
optasmart.com,
optima-group.co.uk,
opto.com.sg,
optral.es,
opusasset.com,
oracle.com,
orange.com,
orange.fr,
orange-sonatel.com,
oraxel.com,
orbe.co.cr,
orbid.be,
orbin.com.pk,
orcz.cz,
order-line.co.uk,
orditech.be,
oribionature.com,
origo-net.co.il,
orisclinic.com,
oriux.com,
orlan.co.il,
orsima.com,
ortana.tv,
ortex.cz,
osetenta.pt,
osk.om.pl,
osmosys.asia,
osoolinv.com,
ossi-yeto.com,
Ostecit.com,
ostecit.com,
otax.co.jp,
otax.com.hk,
otg.com.br,
otk.cz,
outils-wolf.com,
outlook.be,
outlook.com,
outlook.com.br,
outlook.es,
outlook.fr,
overeemtelecom.nl,
overit.it,
ovni.com,
ovtech.co.il,
oxford.sch.ae,
p20inc.com,
p4q.com,
paast.com,
pacestarind.com,
pacesterind.com,
pacificcomputergroup.com,
pacificoaquaculture.com,
paipc4u.co.il,
pala-it.com,
palconsulting.com.mx,
palmar.com.co,
palmeravacationclub.com,
palmtravel.com.sg,
palmwil.com,
palmwil.con,
palstat.cz,
pamapol.com.pl,
panam.com.pa,
pandacom.de,
panice.com.br,
pans.net,
panta-rhei.at,
papirus.co.il,
paralif.com.co,
paralif.eom.co,
paramountcables.com,
paranasa.com.br,
pardigm.net,
parkowanie.com.pl,
parksideinc.org,
parliament.go.ke,
parqueexplora.org,
partnersincredit.com,
pasocc.com,
pass-strefa.pl,
Passwort.com,
paulasia.com,
payplaza.com,
paytabs.com,
pbbios.com,
pbi.co.th,
pbssystems.com,
pcbsl.net,
pcperu.pe,
pcs.az,
pcsh.com.my,
pd20.org,
pdammous.com,
pdisb.com,
peektraffic.com,
pelican.ai,
pelican-tech.com,
pelpak.com,
penguinindia.com,
pennekamp.de,
pennsys.com,
pentanasolutions.com,
pentaservice.it,
pentechsolution.com.my,
people-media.com.mx,
peoplesourceok.com,
pepperstone.com,
performanceservices.com,
permapipe.ae,
perryschools.org,
pesb.co.in,
pespesca.com,
PetiteBretonne.ca,
petitebretonne.ca,
petraexpress.com,
petrini.com.ar,
petrolsofting.com,
petrotal-corp.com,
peugeot-thailand.com,
pflegehotel-bs.ch,
pflegehotel-stjohann.ch,
pgjgto.gob.mx,
pharopharma.com,
phcibank.com,
phgroup.com.sg,
phinex.ch,
ph-noe.ac.at,
phoenixcultuur.nl,
phuketvilla.com,
pickalbatros.com,
picnet.com.au,
pico.co.th,
pictronik.com,
pidas.com,
pidilite.co.in,
pinetree.com.jo,
pingponginnovation.com,
pinnaclemais.com,
pinnaclemisr.com,
pinpoint.com.br,
pipestate.com,
piracicabanadf.com.br,
pjcci.ca,
pjecz.gob.mx,
pjedomex.gob.mx,
pkf.com,
pkjm.com.my,
planbmedia.co.th,
planit.co.il,
platform.com.au,
platinumcredit.co.ke,
plenoil.es,
plenoil.pt,
plesa.com.mx,
ploeger.nl,
plop.be,
plumettaz.com,
plus.com.my,
pme.ae,
pnet.com.au,
poczta.onet.pl,
pohkong.com.my,
pointas.com.pl,
pointit.co.th,
polar.com,
pol-eko.pl,
polkadotcomms.com.au,
pollocibao.com,
polmed.co.za,
ponce.pr.gov,
pontegiulio.it,
poonsiri.co.th,
portaltechnologies.uk,
portillosa.com,
portodelisboa.pt,
portsdevco.com,
postalproducts.com,
potenza.com.ar,
powellandhinkle.com,
powerbmw.com.br,
power-egy.com,
powerlinkitss.ae,
pps.com.my,
ppukm.ukm.edu.my,
ppw.com.co,
practicante.com,
praxya.es,
prcip.pl,
preciosa.com,
precise.co.il,
precisionglobal.com,
premier.pr,
presentia.com.br,
pretrab.pt,
previa.fr,
primaryeng.com,
prisagroup.com,
prismagroup.it,
prize.cl,
prmg.co.th,
pro4arch.cz,
pro4ia.com,
proasa.com.mx,
procalculo.com,
pro-capita.com,
procetradi.com,
pro-control.pl,
prodecoop.com,
prodeman.com.ar,
prodensa.com.mx,
prodiet.com.br,
prodigy.net.mx,
proef.com,
profactum.cz,
profileproducts.com.au,
proges.com,
progresion.com.co,
proinlosa.com,
projectic.pl,
projectleader.nl,
promed-int.com,
promega.com.co,
promoambiental.com,
promoambientaldistrito.com,
promoambientalvalle.com,
pronat.co.il,
pro-service.fi,
prosol.az,
prosol.co.za,
prosperidadsocial.gov.co,
protee-united.com,
protonmail.com,
proveeduria.unam.mx,
provision.com.co,
ps-engineering.ch,
psolutions.co.th,
pss-groups.com,
pssitcorp.com,
ptr.co.il,
ptsb.co,
puertoloscabos.com,
pulsarsystem.pl,
puravankara.com,
purestorage.com,
pvi-valves.com,
pwc.com,
pwdmd.com,
q3aurelia.com,
qabastech.com,
qabastehc.com,
qabreadymix.com,
qad.cl,
qad.com,
qad.com.arg,
qag.gov.qa,
qawadri.com,
qbco.biz,
qcdi-online.com,
qcs-qatar.com,
quackcom.com,
qualisys.mx,
quand.at,
Quanser.com,
quanser.com,
quantifisolutions.com,
quantion.es,
quatenus.co.ao,
quattro.com.gt,
quattro.com.sv,
quaziabedintex.com,
qucoon.com,
queris.pl,
querytel.com,
questivity.com,
quicklan.com.ar,
quicknet.me,
quickrelease.co.uk,
quimtia.com,
rabighpower.com,
raceku.com,
racinechamberland.com,
racsafrica.com,
radical-colombia.com,
radixal.net,
radixanalytics.com,
raganar.co.il,
ragnar.co.il,
rahtech.com,
raii.net,
rainer-haefner.de,
rajhi-invest.com,
rakez.com,
rakports.ae,
ranacher.at,
ransa.net,
rapidpictures.co.uk,
rascor.com,
rashi.org.il,
rasner.co.il,
rautenbach.it,
raxio.co.ug,
rayacorp.com,
raydon.co.nz,
raynalassurances.com,
rba.com.bn,
rbg.ca,
rbnautomacao.com,
rbp-tech.com,
rcbc.edu,
rcc.gob.pe,
rcibanque.com,
rcog.org.uk,
reactiva.com.co,
readymind.ms,
realbazar.mx,
realconsulting.gr,
realdolmen.com,
reali.org.il,
rechenberg.com.au,
record.com.co,
redcolon.com.ar,
redfiveit.com,
rediffmail.com,
redopima.net,
redoptima.net,
redq.no,
refricenter.net,
reiskocher.ch,
rekord.com.pl,
reline.co.il,
reloadlogistics.com,
remdata.pl,
remosa.com.ni,
renata-ltd.com,
renault.com,
renogi.it,
renogi.nl,
renovarfinanciera.com,
repdym.com.co,
reply.de,
reply.it,
requena.es,
resdaq.com.my,
reserveage.com,
reservoirgroup.com,
resuelve.mx,
retailzoo.com.au,
rettet-das-kind-sbg.at,
returncapital.com.br,
reverus.com,
Revfin.co.za,
revfin.co.za,
revicom.com.br,
revtec.info,
rfc.com.tn,
rfp.mx,
rft.be,
rgbsys.com.br,
rgc.co.il,
rge.co.il,
rhama.com.br,
rheincs.com,
rhm.ae,
riachuelo2.com.ar,
ricoh.co.th,
rimatec.cz,
rimcocat.com,
rimco-inc.com,
rimongrp.com,
rimonltd.co.il,
ringelberg.nl,
rio.msf.org,
rioit.co.uk,
risingpharma.com,
rittmeyer.com,
river.co.th,
rjnetworks.com,
rkmshome.org,
rm4it.com,
rmagroup.net,
rmu.ac.th,
robeckfluidpower.com,
robtstone.ae,
roctilburg.nl,
roentgeninstitut.de,
ronc.it,
ronlight.co.il,
ropto.com,
roringenieria.com,
rossair.co.uk,
rovira.com,
rowa-moser.at,
roycemedia.com,
rpb-tech.com,
rpmedicas.co,
rrandrr.com,
rren.ch,
rrglobal.com,
rrlaw.ca,
rs-fx.com,
rsinet.com.br,
rss2016.co.th,
rs-soft.com,
rtb-wildegg.ch,
rtmpuls.pl,
ruia.co.uk,
ruijienetworks.com,
ruptura-infosec.com,
rusak.pl,
rushcars.ch,
rvtel.com.mx,
rwbmarine.com.au,
rw-resources.com,
rx-tech.com,
ryltech.co.il,
rynekpierwotny.pl,
s2e-mail.com,
s2grupo.es,
s2holding.com.br,
s2t.ai,
saabtec.com,
sacsa.com,
sacsaweb.com,
sadfasdgf.com,
Safaricom.co.ke,
safaricom.co.ke,
safealliance.pt,
safeguard.co.zw,
safesociety.co,
safetica.com,
safeticonsultoria.com.br,
safeway.co.il,
sagam-groupe.fr,
sagfashion.com,
saglobal.com,
sahuayo.mx,
saigsa.com.mx,
saiiresorts.com,
saijo-denki.co.th,
sainti.org,
Sakkoya.com,
sakkoya.com,
salaentertainment.com,
salam.sa,
salonyhoff.pl,
salt.ky,
sam.sg,
sambrises.co.zw,
sam-malaysia.com,
samnan.com.sa,
sanatoriodurango.com,
sandeleh.com.br,
sandmann-transporte.de,
sangit.co.il,
saniikos.com,
sanjohncapital.com,
sanli.com.sg,
san-malaysia.com,
santacruz.mx,
santaisabel-pr.com,
sante.dz,
sante.gov.dz,
sante-lorraine.fr,
sanver.com.mx,
saogoncaloshopping.com.br,
sapagroup.it,
sarajevo.qsi.org,
sarawakiic.org.my,
sarqualityavocados.com,
sasb.com.my,
satomsa.ch,
satven.com,
sauberlaw.com,
saudiceramics.com,
saudidutest.com,
saudinetworkers.com,
sawu-treuhand.ch,
saxonov.com,
sbc.mx,
sbernal.com.ar,
sbs-group.biz,
sc.senac.br,
scanid.com.mx,
scconline.nl,
schadek.com.br,
schipper.at,
schneid.at,
schwaiger-it.at,
screenage.mu,
script.com,
sdautomation.ch,
sdc.gov.ae,
sdc.net.mx,
sdimedia.com,
sdm.com.do,
sds.co.in,
se360.net,
seaal.dz,
seadata.co.il,
sean-connolly.co.uk,
secbullion.com,
secinfo.com.pl,
secomext.com.mx,
sectur.gob.do,
sectur.gov.do,
securedomain.ae,
secureparking.com.sg,
securityagent.co.jp,
securitymaterz.com,
Securitymatterz.com,
securitymatterz.com,
seditec.mx,
sefcash.co.bw,
segafredo.pl,
segmar.com,
sehascan.com,
seidor.com,
seidor.com.br,
SekisuiJushi.nl,
sekisuijushi.nl,
selptech.com,
sem.com.my,
sembcorp.com,
semex.com.mx,
semexbrasil.com.br,
semexled.com,
semizen.com,
sencolatinamerica.com,
senecaevercore.com,
Senergy.com.my,
senergy.com.my,
sensa.as,
sepyc.gob.mx,
sercompe.com.br,
serdan.co.co,
serdan.com.co,
serin.fr,
serinfer.com,
sermicro.com,
servadi.com,
servercore.io,
servicontsa.com,
servidecogt.com,
servitdesk.com,
sesaemm.org.mx,
sets.com.lb,
settingconsultoria.com,
seven2.com,
sevenit.com.br,
sevioragroup.com,
sewa.gov.ae,
sezh.ch,
seznam.cz,
sfr.fr,
sghaarlem.nl,
shafs.net,
shamal.com,
sharbor.com,
shareppy.com,
shareppyinternacional.com,
sharjahcustoms.gov.ae,
sharpminds.com,
sharqawi-co.com,
shaw.ca,
shawarmahouse.com.sa,
shc-online.de,
shdatatech.com,
shersa.com,
shieldsec.com.br,
shilonis.com,
shipcom.biz,
shipmansolutions.com,
shivalikbank.com,
shl.co.il,
shofu.com.sg,
shoupparts.com,
shsm.sk,
shvoit.co.il,
shvoong.co.il,
SIAED.IT,
siaed.it,
siamtv.co.th,
siap.gob.mx,
sicoob.com.br,
sicoobsc.com.br,
siemens.com,
siessalud.com.co,
sigmatelecom.com.br,
signalegp.com,
signet.rs,
signoret.fr,
sigob.org,
sila-poland.com,
silco.co.il,
silicon-mind.com,
silli.com,
silverlight.com.co,
silverstone.com.my,
simplex.live,
simplexanalytics.com.br,
simplex-ltd.com,
simply-join.ch,
simulation.com.sg,
sinaloa.gob.mx,
sinchew.com.my,
siongleng.com.sg,
sip.be,
sipcam.com,
sirc.sa,
sirius-ea.com,
sis.gl,
siseg.com,
sisplc.net,
sistema.com.pl,
sistemadigi.com,
sistema-logistico.com,
sistemasstone.com.mx,
sistemiufficio.it,
sisthai.com,
sistsa.com,
sitco.fr,
sitconsultores.com,
sitproyectos.com,
sitqad.co.il,
sitsa.com,
siveco.com,
siwireless.com,
siyam-group.com,
sjp.co.th,
sjr.mb.ca,
skgtecnologia.com,
skhemrat.com,
skidata.com,
skipperlimited.com,
skn-stp.at,
skyestate.pl,
skynet.be,
skynetdth.com,
skyoutsource.com,
skyriverit.com,
slama-salzburg.at,
slcb.com,
sleepgalleryca.com,
slgtecnologia.com,
slp.com.py,
smallworldit.com,
smart.sa,
smartconnects.eu,
smartcs.sg,
smarter.com.my,
smart-it.es,
smart-links.co,
smartpointpr.com,
smartsalem.ae,
smarttrade.biz,
smeconsulting.com.mx,
smeedi.com,
smi.com.sa,
smlogin.co,
smsti.com.br,
SMTC.COM,
SMTC.com,
smtc.com,
sne.com.sg,
snergy.com.my,
s-networks.org,
sng.biz,
snjallfiskur.is,
snovations.com,
snowcaptech.com,
snowmanfs.pl,
sns.net.co,
snsfood.pl,
snsfoods.pl,
sntcz.cz,
soacmc.com,
SoAdvisory-technologies.com,
soandes.co,
sobits.net,
socarmo.az,
sodecia.com,
sodexo.com,
soempresarial.com,
soeuae.com,
soffit.in,
soficau.nc,
sofoscorp.com,
softhuella.com.ar,
softime.it,
softip.sk,
softiq.pl,
softnet.com.pl,
softsell.com.br,
softshop.com.py,
softsolutions.co.il,
soft-soulware.com.mx,
software-attitude.com,
softwareforpeople.co.uk,
sogral.dz,
soitron.com,
solapak.co.uk,
solarisfoundation.org,
solati.com.co,
solbeautyandcare.com,
solidem.com.mx,
sol-it.com.co,
solitea.cz,
solnet.xyz,
soltec.com,
soltimex.com.mx,
solusoft.com,
solutec.com.co,
solutiontech.com.au,
somerspointpd.org,
somosdando.com,
sonepar.com,
soneparsea.com,
soonenergy.pl,
sopesatotal.com,
soredi.mx,
sorg.com,
sorkon.co.th,
sorkor.co.th,
sosmatic.es,
sospl.com,
sourceforte.com,
southend.com.ar,
southend.com.br,
southview.ae,
sowaris.ch,
spacetechies.com,
spala.cos.pl,
S-Parizat.com,
speccom.co.za,
spez.com.ua,
spicbrasil.com.br,
spie.com,
spiinc.com,
spinematrix.com.my,
spinktel.com.au,
spmpoland.com.pl,
spoc-it.fr,
Sport5.co.il,
sport5.co.il,
sporttb.com,
sportzentrum-noe.at,
sppf.fr,
spraymarks.co.nz,
sps.net.sa,
spzoz-brzesko.pl,
sqa.co.nz,
srl.in,
srm-chelm.com.pl,
srovnejto.cz,
sryas.com,
ssci.co.th,
sse.sg,
sshcomunicaciones.com,
ssmh.cz,
sss-om.com,
stadtcasino-basel.ch,
staff.bou.ac.bw,
staffshousing.org.uk,
stammtech.com,
stanfieldit.com,
stangl-engineering.at,
staples.com.ar,
starnetsolutions.com,
star-quest.com,
startech.com.bd,
startup7.org.il,
s-t-e.fr,
steelcentre.com.my,
steinenergy.com,
stellarcorp.com.sg,
step-up.fr,
sterimed.com.pl,
sterlingwealth.co.za,
stern-wywiol-gruppe.de,
stevenhills.mu,
stickylock.com,
stimplus.com,
stingenergo.cz,
stira.sa,
stj.gob.mx,
stjsonora.gob.mx,
stmk.gv.at,
stockland.com.au,
stone-apple.com,
storetech.ae,
stormpostproduction.com,
stortech.ae,
stowe.co.za,
stranz.cc,
stratedge.com,
stratedge.onmicrosoft.com,
stratospheriq.com,
strazgraniczna.pl,
streamlinesolutions.ca,
streamvision.com.au,
strega.co.th,
stride.gov.my,
strojirny-hedvikov.cz,
stros.cz,
studiodl.com,
studiomarchetti.net,
stvbry.fr,
subscripcions.cat,
sudivaindia.com,
suedpack.com,
sugarlandhsm.com,
sugarmamafashion.com,
suhadolc.com,
suizoargentina.com,
sulfoquimica.com,
sumbiritex.com,
suninfosys.ae,
sunnyvale.com.au,
sunnyvaleplants.com,
sunssc.com,
suntecindia.net,
sun-towers.com,
sunu-group.com,
supavia.eu,
supersoft.com.ng,
supertejotao.com.br,
supertransporte.gov.co,
support-4-it.com,
supportlab.co.uk,
supra.com.pe,
supremis.pl,
supremo.pl,
suprivix.com.br,
surecomunicacao.com.br,
surf.com.br,
sushifactory.pl,
suwary.com.pl,
suzuki.com.gt,
sveinsson.is,
sviva-swiss.com,
svp.com.au,
swannetgundry.com,
sweetmix.com.br,
swietochlowice.pl,
swiftenergy.com.sg,
swisspac.com.my,
switch.be,
sy.shj.ae,
sycoentertainment.com,
sydgront.se,
symbionetworks.com,
symengenharia1.com.br,
symphony.net.th,
synerglass-soft.com,
synergyit.com.au,
synnet.mx,
synomega.com,
synovis.de,
sysadvisors.pl,
sysartec.com.mx,
sysco.at,
sysco.lk,
syscomm.co.uk,
syscontech.net.pk,
sysdatatecnologia.com.br,
sysde.com,
systemtechnique.com,
system-x.fr,
sysup.at,
syz.com.co,
syz.com.pe,
szczecin.kwpsp.gov.pl,
taas.com.hk,
tacme.com,
Tadmor-Levy.com,
tadmor-levy.com,
tagitglobal.com,
taiwah.com.my,
takafulafrica.co.ke,
takenaka.co.th,
talbot-tech.com,
taleed.com.sa,
taleist.com,
talio.it,
tamarpetroleum.co.il,
tamir.pl,
tamircom.co.il,
tap-bremen.de,
tapigroup.com,
tarabutgateway.eu.pagerduty.com,
tarifomat.cz,
tas-c.com,
taskbil.com,
taswia.com.sa,
taurid.cz,
taxxo.pl,
taxydromiki.gr,
taza.com.sa,
tbcitb.com.au,
tbfenterprises.com,
tbmtextil.com.br,
tbsaust.com.au,
tc.co.th,
tce.pe.gov.br,
tcecompany.com,
tcltpaper.com,
tcmips.co.uk,
tcs.com,
t-d-i.com.ar,
td-is.cz,
tea.edu.kw,
team.co.il,
teamis.nl,
teat.com,
teceze.com,
tech2work.com,
techbe.pl,
techdata.com,
techdgroup.com.au,
techdriver.in,
techevo.ca,
techisc.com,
techmahindra.com,
techmaster.com.br,
technicalgroup-kw.com,
technoform.sg,
technofutura.ae,
technologysquared.com,
technoma.com.py,
tech-pro.com.mx,
techprong.com,
tecnelec.com.ar,
tecnet.srv.br,
tecnifibras.com,
tecniseguros.com,
tecnologiascontrola.com.mx,
tecsa.mx,
teintechnology.nl,
tejasborja.com,
tekerium.com,
telcan.com,
telco.com,
teldatperu.com,
teleapps.com,
tele-apps.com,
telecablecentral.com,
telecablecentralpuertoplata.com,
telecomo.com.mx,
telefonica.com,
telking.nl,
telmetergy.com.co,
telnet.ps,
telnetcom.pe,
telor.do,
telran.co.il,
temag.ch,
tempuswealth.com.au,
tencomllc.com,
tendensa.com,
tenhats.com,
teras.com.my,
terebra.de,
terlas.com,
terra.com.br,
terradygital.com,
terragene.com,
terragene.com.ar,
terragrofert.com,
terranovasoftware.eu,
terranum.com,
terranum.com.co,
tes.com,
tesorion.nl,
tessindustria.com.br,
test.be,
test.com,
test.pl,
test.tpg.com.au,
testaccgroup.com,
teste.com,
tetratech.com.sa,
tevema.com.pl,
textilesleon.com,
textmagic.com,
tfl-ec.com,
tfp.com.my,
tgat.org.uk,
tgs.cz,
thaigl.co.th,
tharstern.com,
theaccessgroup.com,
theakyra.com,
thebahmsquad.org,
theclaimsguys.co.uk,
theclaimsguyslegal.com,
thedietcare.com,
thegourmetfactory.com,
thegreatroom.co,
thelandmark.az,
thelearninglab.com.sg,
thelineup.com,
thelogicfactory.com,
theotg.com,
theptex.com,
theresidence.com,
thermor.de,
thermosolution.com,
thermosolutionsgroup.com,
thestageec2.com,
thestanleypng.com,
thetranscapital.com,
thewesternhotels.com,
think.pl,
thriveti.com.br,
thurmanphillips.com,
thurman-phillips.com,
tiama.com,
tibox.cl,
tic-col.net,
tics-sas.com,
tiesse.com,
tigo.com.ni,
tiholidng.de,
tijandental.com,
tilburgs.net,
time.ae,
tipak.co.th,
titans.global,
tja.gob.mx,
tlock.mx,
tme.tax,
tmes.co.th,
tmomail.net,
tnt.co.th,
tobesafe.ltd,
toconnect.net,
todoencloud.com,
tokiomarinesafety.co.th,
tokopedia.com,
tolipelgalalahills.com,
tolva.is,
tomaho.cz,
tomater.dk,
toms-it.at,
tomsrivermua.org,
tonec.nl,
tonggarden.com,
tonggarden.com.my,
tootai.net,
topaz.com.sa,
toplineonline.com,
topmanagement.com.co,
topone.hk,
top-robotyka.pl,
toprockinteriors.com,
topseedsltd.com,
topsys.atlassian.net,
toptech2.co.il,
topworth.com.my,
torgos.net,
torredemer.com,
torredemoncorvo.pt,
totalexpres.com.br,
totalexpress.com.br,
totto.com.gt,
totto.com.sv,
totvs.com.br,
towellholding.com,
tower42.com,
toyotakenya.com,
toyotaoflompoc.com,
toyota-slo.com,
toyotasm.com,
toyotawalder.pl,
toyotires.com.my,
toysfortrucks.com,
tpa-group.pl,
tpay.me,
tpg.com.au,
tpgtelecom.com.au,
tpvgroup.cz,
tqeurocredit.com,
tr6fs.de,
tracelibre.com,
tradeupgroup.com,
trading-point.net,
trafalgardigital.mx,
traffordhousingtrust.co.uk,
transco.mn,
trans-cosmos.co.th,
transfurt.com,
transportelaperlita.com.ar,
transwater.com.my,
trema-asso.fr,
trendsauto.com,
trexico.nl,
triadme.ae,
trialphaco.com,
tribunal-electoral.gob.pa,
tri-comp.com,
tridimas.com.my,
tritechsolutions.com.au,
triton.co.th,
tritonexpress.co.za,
trosten-industries.com,
trowal.at,
trueact.com,
truelightcap.com,
truis.com.au,
trust-network.net,
trust-projects.at,
trzebiatow.pl,
ts.szczecin.pl,
ts4b.co.nz,
tscsoluciones.com.mx,
tse.metalanka.com,
tsi.mx,
tsj.gob.mx,
tsm.ch,
tsn.at,
tspdata.eu,
tspv.com.mx,
tsqatar.com,
tsuzuki.co.jp,
tsuzuki-densan.com.sg,
t-systems.com,
tt.es,
ttea.co.ke,
ttech.uk.com,
ttifc.co.tt,
tuktuk.com.my,
tunasmanja.com,
tunisair.com.tn,
tvb.com.hk,
tvjsons.com,
twgroup.co.nz,
twininfosolutions.com,
twinlab.com,
twor-otaki.ac.nz,
tws.be,
txn.cz,
txp.it,
typent.com,
uabc.edu.mx,
uap.uaz.edu.mx,
ub.cz,
ubank.com.pk,
ubicast.com,
ubru.ac.th,
ucundinamarca.edu.co,
ucv.edu.pe,
udak.cz,
udc.com.kw,
uds.com.br,
ugto.mx,
ukgcctv.com,
ukm.edu.my,
ukr.net,
ukulimasacco.coop,
ulccsltd.com,
ulrichsw.cz,
ults.in,
umbanifin.co.za,
umig.naklo.pl,
unab.edu.pe,
unam.mx,
unam.na,
unc.ac.th,
undb.edu.br,
unev.edu.do,
uniaoquimica.com.br,
unica.edu.ni,
unicorn.com.pl,
unicrechi.com,
unicrechi.mx,
unifiedarabia.com,
unifiedmicro.systems,
unionagener.com,
union-cs.nl,
uniscomp.cz,
unisemgroup.com,
unisonmarine.com,
unitec.ie,
unitedinsurance.com.np,
united-oil.com,
unitedsystemspr.net,
unity-t.pl,
univa.tech,
universiis.com,
unoinformatica.it,
uol.com.brhen,
upc.tax,
upek.se,
upm.edu.sa,
upq.mx,
upr.edu,
UPSKWT.COM,
upskwt.com,
uptimeus.com,
urban-it.com.gh,
urmet-dialog.at,
useblu.com.br,
usha.com,
usmnetworks.net,
utfpr.edu.br,
utvillaagape.com,
uxglobal.mx,
uztex.uz,
v2d.mx,
vaddo.fhsk.se,
vads.com,
vahanaoffshore.com,
vaheed.ae,
valenet.com.ar,
valkimia.com,
valledelapaz.com.mx,
valleyca.com,
valleypampa.com,
valoe-ins.co.il,
valps.com,
valuebase.co.il,
vandi.com.sa,
vando.gr,
vandorp.eu,
van-gendt.nl,
vanzadelhoff.art,
vargroup.it,
vaughancivil.com.au,
vazlo.com.mx,
vbasystems.com.br,
vbu.at,
vdnict.nl,
vectracs.com.br,
veja.fr,
vendomat.es,
veneco.nl,
verbundlinie.at,
vercruysse.be,
vermelis.nl,
versalys.com,
vertigovfx.com,
verwater.com,
vet-mas-a.com,
vetorial.com,
vetroasfalto.com,
vgrcommunications.com,
vgrnetworks.com,
vgrs.mu,
viali.com,
viatek.it,
vicentetorres.com,
vidareal.org,
vidareal.tv,
videe.it,
videlio.com,
vidrioformas.com,
vier.ai,
viewqwest.com,
vigiaplus.com,
vilottery.vi,
vinosamerica.com.mx,
vinton.com.ar,
viola.ae,
virtua-it.si,
virtualistic.studio,
virtualthinkdc.com,
virusrescuers.com,
virutex.com,
virutexilko.com.co,
visioninformatik.com,
visionware.pt,
vistra.com,
visualife.media,
vitamar.com.co,
viterra.com,
v-its.nl,
vivant.nl,
vivantdecorations.com,
vivass.com,
viverto.pl,
vkcpa.com,
vktek.com.au,
vlfcontabilidade.com.br,
vnermit.co.th,
vodafone.com,
voicenter.com.py,
volny.cz,
voltampoman.com,
voo.be,
voordent.nl,
vop.cz,
vortx.com.br,
vouchagram.com,
vox.com.my,
voxxintl.asia,
voyage81.com,
vpc.co.th,
vpn.com,
vpn.nrtk.eu,
vpopa.gov.ae,
vrs.ae,
vuteq.mx,
w43.com.br,
waadacademy.edu.sa,
waagen-frank.at,
wabtec.com,
wadidegla.com,
wagnerco.com.au,
wakspaperbags.com,
walla.co.il,
wanadoo.fr,
waroc.com,
warringtonfire.com,
warszawapraga-pln.sr.gov.pl,
watuafrica.com,
wavelogi.net,
wavelogix.net,
wawtelecom.com,
waynecleaningsystems.com.au,
wazliangroup.com,
wbpatents.com,
wdit.ca,
weareinfinity.com,
web.de,
webelsolar.com,
webidentity.sk,
wedesignclarity.com,
weinsteinimaging.com,
weitzer-parkett.com,
welink.eu,
werona-spa.pl,
wertzco.com,
westafricanenergy-sa.com,
westminster-nice.com,
westnet.com.au,
westwing.com.br,
westwingnow.com.br,
weswting.com.br,
wework.com,
wfp.org,
whitehats.ae,
whs.in.ua,
wickshire.com.au,
wicom.net.co,
wifi.nl,
wimpress.net,
windowslive.com,
windsgroup.com,
windtre.it,
wine.com.br,
winklerkuverts.at,
winwin.tn,
wisepaq.com,
wisesocon.com,
wjrtech.com,
wnt.at,
wodociagi.pl,
wolmers.org,
woodstown.org,
worldnet.psi.br,
worldnetpr.com,
wp.pl,
ws-intl.com,
wsp.com.au,
wt.com.pl,
wuzetem.pl,
wve-co.be,
xcentral.com.au,
xebecinc.com,
x-energy.com,
xerox.com,
xglobe.com,
xiacon.com,
xingmedical.com,
xioma.co.il,
xlc.mx,
xochicalco.edu.mx,
xperitos.com,
xpertek.co.za,
xsite.com.br,
xsn.com.mx,
xspanama.com,
xsystem.com.pl,
xtremeclave.com,
xtremesupport.com,
xwa.edu.sg,
xyzdental.com.au,
y3technologies.com,
yahoo.co.in,
yahoo.co.uk,
yahoo.com,
yahoo.com.ar,
yahoo.com.br,
yahoo.com.mx,
yahoo.es,
yahoo.fr,
yahoo.gr,
yakult.com.br,
yasca.co.il,
yasclinicgroup.ae,
yaxxa.co.za,
yazamco.co.il,
yb.tax,
ybchem.net,
ych.com,
yehu.org,
yellowstar.com,
yellowtech.mx,
yesim.com,
yheng.co.il,
yijinin.com,
ymail.com,
yogloans.com,
you.com,
youngfoundations.com,
yourcio.co.il,
ytl.com.my,
yumain.fr,
yushiro.com.br,
ywgroup.com.sg,
zagro.com,
zambello2.it,
zamil.com,
zamiliis.com,
zanuvi.com,
zapc.co.il,
zapf-creation.cz,
zapf-creation.de,
zdm.waw.pl,
zeal.net.nz,
zem.com.pl,
zemsania.com,
zenithr.com,
zeo.ae,
zestlife.co.za,
zetorzeszow.pl,
ZFP.COM,
zfp.com,
zigit.co.il,
zipet.co.il,
zizzy.dev,
zizzy.io,
zizzygroup.com,
zkbest.co.il,
zm-4u.com,
zmf.co.il,
zmiglobal.com,
znanysystem.pl,
z-nyva.com.ua,
zoneminder.com,
zorius.pl,
zowie.ai,
zsbory.cz,
zskomtu.cz,
ztech.com.ar,
zueri-telematik.ch,
zvendo.com,
zwicklbauer.at,
zylinknetworks.com
