Indicator,Type,First seen,Last seen,Description
d4b4cccda9228624656bff33d8110955779632aa,Thumbprint,,,Thumbprint of acquired signing key
195.26.87.219,IPv4,5/15/2023,6/25/2023,Token web panel
185.236.228.183,IPv4,5/24/2023,06/11/2023,Token web panel
85.239.63.160,IPv4,06/07/2023,06/11/2023,Token web panel
193.105.134.58,IPv4,6/24/2023,6/25/2023,Token web panel
146.0.74.16,IPv4,6/28/2023,07/04/2023,Token web panel
91.231.186.226,IPv4,6/29/2023,07/04/2023,Token web panel
91.222.174.41,IPv4,6/29/2023,07/03/2023,Token web panel
185.38.142.249,IPv4,6/29/2023,07/02/2023,Token web panel
51.89.156.153,IPv4,03/09/2023,07/10/2023,SoftEther proxy
176.31.90.129,IPv4,3/28/2023,6/29/2023,SoftEther proxy
137.74.181.100,IPv4,3/31/2023,07/11/2023,SoftEther proxy
193.36.119.45,IPv4,4/19/2023,07/07/2023,SoftEther proxy
185.158.248.159,IPv4,4/24/2023,07/06/2023,SoftEther proxy
131.153.78.188,IPv4,05/06/2023,6/29/2023,SoftEther proxy
37.143.130.146,IPv4,05/12/2023,5/19/2023,SoftEther proxy
146.70.157.45,IPv4,05/12/2023,06/08/2023,SoftEther proxy
185.195.200.39,IPv4,5/15/2023,6/29/2023,SoftEther proxy
185.38.142.229,IPv4,5/15/2023,07/12/2023,SoftEther proxy
146.70.121.44,IPv4,5/17/2023,6/29/2023,SoftEther proxy
31.42.177.181,IPv4,5/22/2023,5/23/2023,SoftEther proxy
185.51.134.52,IPv4,06/07/2023,07/11/2023,SoftEther proxy
173.44.226.70,IPv4,06/09/2023,07/11/2023,SoftEther proxy
45.14.227.233,IPv4,06/12/2023,6/26/2023,SoftEther proxy
185.236.231.109,IPv4,06/12/2023,07/03/2023,SoftEther proxy
178.73.220.149,IPv4,6/16/2023,07/12/2023,SoftEther proxy
45.14.227.212,IPv4,6/19/2023,6/29/2023,SoftEther proxy
91.222.173.225,IPv4,6/20/2023,07/01/2023,SoftEther proxy
146.70.35.168,IPv4,6/22/2023,6/29/2023,SoftEther proxy
146.70.157.213,IPv4,6/26/2023,6/30/2023,SoftEther proxy
31.42.177.201,IPv4,6/27/2023,6/29/2023,SoftEther proxy
5.252.176.8,IPv4,07/01/2023,07/01/2023,SoftEther proxy
80.85.158.215,IPv4,07/01/2023,07/09/2023,SoftEther proxy
193.149.129.88,IPv4,07/02/2023,07/12/2023,SoftEther proxy
5.252.178.68,IPv4,07/03/2023,07/11/2023,SoftEther proxy
116.202.251.8,IPv4,07/04/2023,07/07/2023,SoftEther proxy
